[master (root-commit) 2e3adff] Add complete Dark Med source and runtime QA workflow
 1661 files changed, 190006 insertions(+)
 create mode 100644 .github/workflows/android-runtime-qa.yml
 create mode 100644 .gitignore
 create mode 100644 DARK_MED_FINAL_ENGINEERING_STATUS.md
 create mode 100644 DARK_MED_MASTER_ENGINEERING_REPORT.md
 create mode 100644 DarkMed_Cycle_Report.md
 create mode 100644 app/build.gradle.kts
 create mode 100644 app/src/androidTest/java/com/darkmed/app/DeviceCompatibilityInstrumentedTest.kt
 create mode 100644 app/src/androidTest/java/com/darkmed/app/PlatformSmokeTest.kt
 create mode 100644 app/src/main/AndroidManifest.xml
 create mode 100644 app/src/main/java/com/darkmed/app/MainActivity.kt
 create mode 100644 app/src/main/java/com/darkmed/app/core/BiometricGate.kt
 create mode 100644 app/src/main/java/com/darkmed/app/core/BrowserSessionActivity.kt
 create mode 100644 app/src/main/java/com/darkmed/app/core/BrowserSessionIsolation.kt
 create mode 100644 app/src/main/java/com/darkmed/app/core/ClearAllDataCoordinator.kt
 create mode 100644 app/src/main/java/com/darkmed/app/core/ClearAllDataFlow.kt
 create mode 100644 app/src/main/java/com/darkmed/app/core/DarkMedVpnService.kt
 create mode 100644 app/src/main/java/com/darkmed/app/core/DataWiper.kt
 create mode 100644 app/src/main/java/com/darkmed/app/core/DeviceCompatibility.kt
 create mode 100644 app/src/main/java/com/darkmed/app/core/EngineeringContracts.kt
 create mode 100644 app/src/main/java/com/darkmed/app/core/FailureInjectionMatrix.kt
 create mode 100644 app/src/main/java/com/darkmed/app/core/HevTun2Socks.kt
 create mode 100644 app/src/main/java/com/darkmed/app/core/ProfileStore.kt
 create mode 100644 app/src/main/java/com/darkmed/app/core/SecurityState.kt
 create mode 100644 app/src/main/java/com/darkmed/app/core/TorConfigWriter.kt
 create mode 100644 app/src/main/java/com/darkmed/app/core/TorForegroundService.kt
 create mode 100644 app/src/main/java/com/darkmed/app/core/Tun2SocksConfigWriter.kt
 create mode 100644 app/src/main/java/com/darkmed/app/core/WebViewSecurityPolicy.kt
 create mode 100644 app/src/main/jni/Android.mk
 create mode 100644 app/src/main/jni/Application.mk
 create mode 100644 app/src/main/jni/darkmed_tun2socks_jni.cpp
 create mode 100644 app/src/main/jni/hev-socks5-tunnel/.clang-format
 create mode 100644 app/src/main/jni/hev-socks5-tunnel/.dockerignore
 create mode 100644 app/src/main/jni/hev-socks5-tunnel/.github/workflows/build.yaml
 create mode 100644 app/src/main/jni/hev-socks5-tunnel/.github/workflows/code-format.yaml
 create mode 100644 app/src/main/jni/hev-socks5-tunnel/.gitignore
 create mode 100644 app/src/main/jni/hev-socks5-tunnel/.gitmodules
 create mode 100644 app/src/main/jni/hev-socks5-tunnel/.rev-id
 create mode 100644 app/src/main/jni/hev-socks5-tunnel/Android.mk
 create mode 100644 app/src/main/jni/hev-socks5-tunnel/Application.mk
 create mode 100644 app/src/main/jni/hev-socks5-tunnel/Dockerfile
 create mode 100644 app/src/main/jni/hev-socks5-tunnel/LICENSE
 create mode 100644 app/src/main/jni/hev-socks5-tunnel/Makefile
 create mode 100644 app/src/main/jni/hev-socks5-tunnel/README.md
 create mode 100755 app/src/main/jni/hev-socks5-tunnel/build-apple.sh
 create mode 100644 app/src/main/jni/hev-socks5-tunnel/build.mk
 create mode 100644 app/src/main/jni/hev-socks5-tunnel/conf/main.yml
 create mode 100644 app/src/main/jni/hev-socks5-tunnel/docker/entrypoint.sh
 create mode 120000 app/src/main/jni/hev-socks5-tunnel/include/hev-socks5-tunnel.h
 create mode 100644 app/src/main/jni/hev-socks5-tunnel/module.modulemap
 create mode 100644 app/src/main/jni/hev-socks5-tunnel/src/core/.clang-format
 create mode 100644 app/src/main/jni/hev-socks5-tunnel/src/core/.github/workflows/code-format.yaml
 create mode 100644 app/src/main/jni/hev-socks5-tunnel/src/core/LICENSE
 create mode 100644 app/src/main/jni/hev-socks5-tunnel/src/core/README.md
 create mode 120000 app/src/main/jni/hev-socks5-tunnel/src/core/include/hev-rbtree.h
 create mode 120000 app/src/main/jni/hev-socks5-tunnel/src/core/include/hev-socks5-authenticator.h
 create mode 120000 app/src/main/jni/hev-socks5-tunnel/src/core/include/hev-socks5-client-tcp.h
 create mode 120000 app/src/main/jni/hev-socks5-tunnel/src/core/include/hev-socks5-client-udp.h
 create mode 120000 app/src/main/jni/hev-socks5-tunnel/src/core/include/hev-socks5-client.h
 create mode 120000 app/src/main/jni/hev-socks5-tunnel/src/core/include/hev-socks5-logger.h
 create mode 120000 app/src/main/jni/hev-socks5-tunnel/src/core/include/hev-socks5-misc.h
 create mode 120000 app/src/main/jni/hev-socks5-tunnel/src/core/include/hev-socks5-proto.h
 create mode 120000 app/src/main/jni/hev-socks5-tunnel/src/core/include/hev-socks5-server.h
 create mode 120000 app/src/main/jni/hev-socks5-tunnel/src/core/include/hev-socks5-tcp.h
 create mode 120000 app/src/main/jni/hev-socks5-tunnel/src/core/include/hev-socks5-udp.h
 create mode 120000 app/src/main/jni/hev-socks5-tunnel/src/core/include/hev-socks5-user.h
 create mode 120000 app/src/main/jni/hev-socks5-tunnel/src/core/include/hev-socks5.h
 create mode 100644 app/src/main/jni/hev-socks5-tunnel/src/core/src/hev-compiler.h
 create mode 100644 app/src/main/jni/hev-socks5-tunnel/src/core/src/hev-rbtree.c
 create mode 100644 app/src/main/jni/hev-socks5-tunnel/src/core/src/hev-rbtree.h
 create mode 100644 app/src/main/jni/hev-socks5-tunnel/src/core/src/hev-socks5-authenticator.c
 create mode 100644 app/src/main/jni/hev-socks5-tunnel/src/core/src/hev-socks5-authenticator.h
 create mode 100644 app/src/main/jni/hev-socks5-tunnel/src/core/src/hev-socks5-client-tcp.c
 create mode 100644 app/src/main/jni/hev-socks5-tunnel/src/core/src/hev-socks5-client-tcp.h
 create mode 100644 app/src/main/jni/hev-socks5-tunnel/src/core/src/hev-socks5-client-udp.c
 create mode 100644 app/src/main/jni/hev-socks5-tunnel/src/core/src/hev-socks5-client-udp.h
 create mode 100644 app/src/main/jni/hev-socks5-tunnel/src/core/src/hev-socks5-client.c
 create mode 100644 app/src/main/jni/hev-socks5-tunnel/src/core/src/hev-socks5-client.h
 create mode 100644 app/src/main/jni/hev-socks5-tunnel/src/core/src/hev-socks5-logger-priv.h
 create mode 100644 app/src/main/jni/hev-socks5-tunnel/src/core/src/hev-socks5-logger.c
 create mode 100644 app/src/main/jni/hev-socks5-tunnel/src/core/src/hev-socks5-logger.h
 create mode 100644 app/src/main/jni/hev-socks5-tunnel/src/core/src/hev-socks5-misc-priv.h
 create mode 100644 app/src/main/jni/hev-socks5-tunnel/src/core/src/hev-socks5-misc.c
 create mode 100644 app/src/main/jni/hev-socks5-tunnel/src/core/src/hev-socks5-misc.h
 create mode 100644 app/src/main/jni/hev-socks5-tunnel/src/core/src/hev-socks5-proto.h
 create mode 100644 app/src/main/jni/hev-socks5-tunnel/src/core/src/hev-socks5-server.c
 create mode 100644 app/src/main/jni/hev-socks5-tunnel/src/core/src/hev-socks5-server.h
 create mode 100644 app/src/main/jni/hev-socks5-tunnel/src/core/src/hev-socks5-tcp.c
 create mode 100644 app/src/main/jni/hev-socks5-tunnel/src/core/src/hev-socks5-tcp.h
 create mode 100644 app/src/main/jni/hev-socks5-tunnel/src/core/src/hev-socks5-udp.c
 create mode 100644 app/src/main/jni/hev-socks5-tunnel/src/core/src/hev-socks5-udp.h
 create mode 100644 app/src/main/jni/hev-socks5-tunnel/src/core/src/hev-socks5-user.c
 create mode 100644 app/src/main/jni/hev-socks5-tunnel/src/core/src/hev-socks5-user.h
 create mode 100644 app/src/main/jni/hev-socks5-tunnel/src/core/src/hev-socks5.c
 create mode 100644 app/src/main/jni/hev-socks5-tunnel/src/core/src/hev-socks5.h
 create mode 100644 app/src/main/jni/hev-socks5-tunnel/src/hev-config-const.h
 create mode 100644 app/src/main/jni/hev-socks5-tunnel/src/hev-config.c
 create mode 100644 app/src/main/jni/hev-socks5-tunnel/src/hev-config.h
 create mode 100644 app/src/main/jni/hev-socks5-tunnel/src/hev-jni.c
 create mode 100644 app/src/main/jni/hev-socks5-tunnel/src/hev-jni.h
 create mode 100644 app/src/main/jni/hev-socks5-tunnel/src/hev-main.c
 create mode 100644 app/src/main/jni/hev-socks5-tunnel/src/hev-main.h
 create mode 100644 app/src/main/jni/hev-socks5-tunnel/src/hev-mapped-dns.c
 create mode 100644 app/src/main/jni/hev-socks5-tunnel/src/hev-mapped-dns.h
 create mode 100644 app/src/main/jni/hev-socks5-tunnel/src/hev-socks5-session-tcp.c
 create mode 100644 app/src/main/jni/hev-socks5-tunnel/src/hev-socks5-session-tcp.h
 create mode 100644 app/src/main/jni/hev-socks5-tunnel/src/hev-socks5-session-udp.c
 create mode 100644 app/src/main/jni/hev-socks5-tunnel/src/hev-socks5-session-udp.h
 create mode 100644 app/src/main/jni/hev-socks5-tunnel/src/hev-socks5-session.c
 create mode 100644 app/src/main/jni/hev-socks5-tunnel/src/hev-socks5-session.h
 create mode 100644 app/src/main/jni/hev-socks5-tunnel/src/hev-socks5-tunnel.c
 create mode 100644 app/src/main/jni/hev-socks5-tunnel/src/hev-socks5-tunnel.h
 create mode 100644 app/src/main/jni/hev-socks5-tunnel/src/hev-tunnel-freebsd.c
 create mode 100644 app/src/main/jni/hev-socks5-tunnel/src/hev-tunnel-freebsd.h
 create mode 100644 app/src/main/jni/hev-socks5-tunnel/src/hev-tunnel-linux.c
 create mode 100644 app/src/main/jni/hev-socks5-tunnel/src/hev-tunnel-linux.h
 create mode 100644 app/src/main/jni/hev-socks5-tunnel/src/hev-tunnel-macos.c
 create mode 100644 app/src/main/jni/hev-socks5-tunnel/src/hev-tunnel-macos.h
 create mode 100644 app/src/main/jni/hev-socks5-tunnel/src/hev-tunnel-netbsd.c
 create mode 100644 app/src/main/jni/hev-socks5-tunnel/src/hev-tunnel-netbsd.h
 create mode 100644 app/src/main/jni/hev-socks5-tunnel/src/hev-tunnel-windows.c
 create mode 100644 app/src/main/jni/hev-socks5-tunnel/src/hev-tunnel-windows.h
 create mode 100644 app/src/main/jni/hev-socks5-tunnel/src/hev-tunnel.h
 create mode 100644 app/src/main/jni/hev-socks5-tunnel/src/misc/hev-compiler.h
 create mode 100644 app/src/main/jni/hev-socks5-tunnel/src/misc/hev-exec.c
 create mode 100644 app/src/main/jni/hev-socks5-tunnel/src/misc/hev-exec.h
 create mode 100644 app/src/main/jni/hev-socks5-tunnel/src/misc/hev-list.c
 create mode 100644 app/src/main/jni/hev-socks5-tunnel/src/misc/hev-list.h
 create mode 100644 app/src/main/jni/hev-socks5-tunnel/src/misc/hev-logger.c
 create mode 100644 app/src/main/jni/hev-socks5-tunnel/src/misc/hev-logger.h
 create mode 100644 app/src/main/jni/hev-socks5-tunnel/src/misc/hev-ring-buffer.c
 create mode 100644 app/src/main/jni/hev-socks5-tunnel/src/misc/hev-ring-buffer.h
 create mode 100644 app/src/main/jni/hev-socks5-tunnel/src/misc/hev-utils.c
 create mode 100644 app/src/main/jni/hev-socks5-tunnel/src/misc/hev-utils.h
 create mode 100644 app/src/main/jni/hev-socks5-tunnel/src/misc/hev-wintun.c
 create mode 100644 app/src/main/jni/hev-socks5-tunnel/src/misc/hev-wintun.h
 create mode 100644 app/src/main/jni/hev-socks5-tunnel/third-part/hev-task-system/.clang-format
 create mode 100644 app/src/main/jni/hev-socks5-tunnel/third-part/hev-task-system/.github/workflows/build.yaml
 create mode 100644 app/src/main/jni/hev-socks5-tunnel/third-part/hev-task-system/.github/workflows/code-format.yaml
 create mode 100644 app/src/main/jni/hev-socks5-tunnel/third-part/hev-task-system/.gitignore
 create mode 100644 app/src/main/jni/hev-socks5-tunnel/third-part/hev-task-system/Android.mk
 create mode 100644 app/src/main/jni/hev-socks5-tunnel/third-part/hev-task-system/Application.mk
 create mode 100644 app/src/main/jni/hev-socks5-tunnel/third-part/hev-task-system/LICENSE
 create mode 100644 app/src/main/jni/hev-socks5-tunnel/third-part/hev-task-system/Makefile
 create mode 100644 app/src/main/jni/hev-socks5-tunnel/third-part/hev-task-system/README.md
 create mode 100644 app/src/main/jni/hev-socks5-tunnel/third-part/hev-task-system/apps/call.c
 create mode 100644 app/src/main/jni/hev-socks5-tunnel/third-part/hev-task-system/apps/channel.c
 create mode 100644 app/src/main/jni/hev-socks5-tunnel/third-part/hev-task-system/apps/curl.c
 create mode 100644 app/src/main/jni/hev-socks5-tunnel/third-part/hev-task-system/apps/echo-server.c
 create mode 100644 app/src/main/jni/hev-socks5-tunnel/third-part/hev-task-system/apps/gtk.c
 create mode 100644 app/src/main/jni/hev-socks5-tunnel/third-part/hev-task-system/apps/simple.c
 create mode 100644 app/src/main/jni/hev-socks5-tunnel/third-part/hev-task-system/apps/timeout.c
 create mode 100644 app/src/main/jni/hev-socks5-tunnel/third-part/hev-task-system/apps/wakeup.c
 create mode 100755 app/src/main/jni/hev-socks5-tunnel/third-part/hev-task-system/build-apple.sh
 create mode 100644 app/src/main/jni/hev-socks5-tunnel/third-part/hev-task-system/build.mk
 create mode 100644 app/src/main/jni/hev-socks5-tunnel/third-part/hev-task-system/configs.mk
 create mode 120000 app/src/main/jni/hev-socks5-tunnel/third-part/hev-task-system/include/hev-circular-buffer.h
 create mode 120000 app/src/main/jni/hev-socks5-tunnel/third-part/hev-task-system/include/hev-memory-allocator.h
 create mode 120000 app/src/main/jni/hev-socks5-tunnel/third-part/hev-task-system/include/hev-object-atomic.h
 create mode 120000 app/src/main/jni/hev-socks5-tunnel/third-part/hev-task-system/include/hev-object.h
 create mode 120000 app/src/main/jni/hev-socks5-tunnel/third-part/hev-task-system/include/hev-task-call.h
 create mode 120000 app/src/main/jni/hev-socks5-tunnel/third-part/hev-task-system/include/hev-task-channel-select.h
 create mode 120000 app/src/main/jni/hev-socks5-tunnel/third-part/hev-task-system/include/hev-task-channel.h
 create mode 120000 app/src/main/jni/hev-socks5-tunnel/third-part/hev-task-system/include/hev-task-cond.h
 create mode 120000 app/src/main/jni/hev-socks5-tunnel/third-part/hev-task-system/include/hev-task-dns.h
 create mode 120000 app/src/main/jni/hev-socks5-tunnel/third-part/hev-task-system/include/hev-task-io-pipe.h
 create mode 120000 app/src/main/jni/hev-socks5-tunnel/third-part/hev-task-system/include/hev-task-io-poll.h
 create mode 120000 app/src/main/jni/hev-socks5-tunnel/third-part/hev-task-system/include/hev-task-io-socket.h
 create mode 120000 app/src/main/jni/hev-socks5-tunnel/third-part/hev-task-system/include/hev-task-io.h
 create mode 120000 app/src/main/jni/hev-socks5-tunnel/third-part/hev-task-system/include/hev-task-mutex.h
 create mode 120000 app/src/main/jni/hev-socks5-tunnel/third-part/hev-task-system/include/hev-task-system.h
 create mode 120000 app/src/main/jni/hev-socks5-tunnel/third-part/hev-task-system/include/hev-task.h
 create mode 100644 app/src/main/jni/hev-socks5-tunnel/third-part/hev-task-system/module.modulemap
 create mode 100644 app/src/main/jni/hev-socks5-tunnel/third-part/hev-task-system/src/arch/arc/hev-task-execute-arc32.s
 create mode 100644 app/src/main/jni/hev-socks5-tunnel/third-part/hev-task-system/src/arch/arm/asm.h
 create mode 100644 app/src/main/jni/hev-socks5-tunnel/third-part/hev-task-system/src/arch/arm/hev-task-execute-aarch64.s
 create mode 100644 app/src/main/jni/hev-socks5-tunnel/third-part/hev-task-system/src/arch/arm/hev-task-execute-arm.s
 create mode 100644 app/src/main/jni/hev-socks5-tunnel/third-part/hev-task-system/src/arch/loong/hev-task-execute-la32.s
 create mode 100644 app/src/main/jni/hev-socks5-tunnel/third-part/hev-task-system/src/arch/loong/hev-task-execute-la64.s
 create mode 100644 app/src/main/jni/hev-socks5-tunnel/third-part/hev-task-system/src/arch/m68k/hev-task-execute-m68k.s
 create mode 100644 app/src/main/jni/hev-socks5-tunnel/third-part/hev-task-system/src/arch/microblaze/hev-task-execute-microblaze.s
 create mode 100644 app/src/main/jni/hev-socks5-tunnel/third-part/hev-task-system/src/arch/mips/hev-task-execute-mips32.s
 create mode 100644 app/src/main/jni/hev-socks5-tunnel/third-part/hev-task-system/src/arch/mips/hev-task-execute-mips64.s
 create mode 100644 app/src/main/jni/hev-socks5-tunnel/third-part/hev-task-system/src/arch/openrisc/hev-task-execute-or1k.s
 create mode 100644 app/src/main/jni/hev-socks5-tunnel/third-part/hev-task-system/src/arch/ppc/hev-task-execute-ppc32.s
 create mode 100644 app/src/main/jni/hev-socks5-tunnel/third-part/hev-task-system/src/arch/ppc/hev-task-execute-ppc64.s
 create mode 100644 app/src/main/jni/hev-socks5-tunnel/third-part/hev-task-system/src/arch/riscv/hev-task-execute-riscv32.s
 create mode 100644 app/src/main/jni/hev-socks5-tunnel/third-part/hev-task-system/src/arch/riscv/hev-task-execute-riscv64.s
 create mode 100644 app/src/main/jni/hev-socks5-tunnel/third-part/hev-task-system/src/arch/s390/hev-task-execute-s390x.s
 create mode 100644 app/src/main/jni/hev-socks5-tunnel/third-part/hev-task-system/src/arch/sh/hev-task-execute-sh.s
 create mode 100644 app/src/main/jni/hev-socks5-tunnel/third-part/hev-task-system/src/arch/sw64/hev-task-execute-sw64.s
 create mode 100644 app/src/main/jni/hev-socks5-tunnel/third-part/hev-task-system/src/arch/x86/asm.h
 create mode 100644 app/src/main/jni/hev-socks5-tunnel/third-part/hev-task-system/src/arch/x86/hev-task-execute-x86.s
 create mode 100644 app/src/main/jni/hev-socks5-tunnel/third-part/hev-task-system/src/arch/x86/hev-task-execute-x86_64.s
 create mode 100644 app/src/main/jni/hev-socks5-tunnel/third-part/hev-task-system/src/kern/aide/hev-task-aide.c
 create mode 100644 app/src/main/jni/hev-socks5-tunnel/third-part/hev-task-system/src/kern/aide/hev-task-aide.h
 create mode 100644 app/src/main/jni/hev-socks5-tunnel/third-part/hev-task-system/src/kern/core/hev-task-system-private.h
 create mode 100644 app/src/main/jni/hev-socks5-tunnel/third-part/hev-task-system/src/kern/core/hev-task-system-schedule.c
 create mode 100644 app/src/main/jni/hev-socks5-tunnel/third-part/hev-task-system/src/kern/core/hev-task-system.c
 create mode 100644 app/src/main/jni/hev-socks5-tunnel/third-part/hev-task-system/src/kern/core/hev-task-system.h
 create mode 100644 app/src/main/jni/hev-socks5-tunnel/third-part/hev-task-system/src/kern/io/hev-task-io-reactor-epoll.c
 create mode 100644 app/src/main/jni/hev-socks5-tunnel/third-part/hev-task-system/src/kern/io/hev-task-io-reactor-epoll.h
 create mode 100644 app/src/main/jni/hev-socks5-tunnel/third-part/hev-task-system/src/kern/io/hev-task-io-reactor-iocp.c
 create mode 100644 app/src/main/jni/hev-socks5-tunnel/third-part/hev-task-system/src/kern/io/hev-task-io-reactor-iocp.h
 create mode 100644 app/src/main/jni/hev-socks5-tunnel/third-part/hev-task-system/src/kern/io/hev-task-io-reactor-kqueue.c
 create mode 100644 app/src/main/jni/hev-socks5-tunnel/third-part/hev-task-system/src/kern/io/hev-task-io-reactor-kqueue.h
 create mode 100644 app/src/main/jni/hev-socks5-tunnel/third-part/hev-task-system/src/kern/io/hev-task-io-reactor.h
 create mode 100644 app/src/main/jni/hev-socks5-tunnel/third-part/hev-task-system/src/kern/itc/hev-task-channel-private.h
 create mode 100644 app/src/main/jni/hev-socks5-tunnel/third-part/hev-task-system/src/kern/itc/hev-task-channel-select-private.h
 create mode 100644 app/src/main/jni/hev-socks5-tunnel/third-part/hev-task-system/src/kern/itc/hev-task-channel-select.c
 create mode 100644 app/src/main/jni/hev-socks5-tunnel/third-part/hev-task-system/src/kern/itc/hev-task-channel-select.h
 create mode 100644 app/src/main/jni/hev-socks5-tunnel/third-part/hev-task-system/src/kern/itc/hev-task-channel.c
 create mode 100644 app/src/main/jni/hev-socks5-tunnel/third-part/hev-task-system/src/kern/itc/hev-task-channel.h
 create mode 100644 app/src/main/jni/hev-socks5-tunnel/third-part/hev-task-system/src/kern/sync/hev-task-cond.c
 create mode 100644 app/src/main/jni/hev-socks5-tunnel/third-part/hev-task-system/src/kern/sync/hev-task-cond.h
 create mode 100644 app/src/main/jni/hev-socks5-tunnel/third-part/hev-task-system/src/kern/sync/hev-task-mutex.c
 create mode 100644 app/src/main/jni/hev-socks5-tunnel/third-part/hev-task-system/src/kern/sync/hev-task-mutex.h
 create mode 100644 app/src/main/jni/hev-socks5-tunnel/third-part/hev-task-system/src/kern/task/hev-task-call.c
 create mode 100644 app/src/main/jni/hev-socks5-tunnel/third-part/hev-task-system/src/kern/task/hev-task-call.h
 create mode 100644 app/src/main/jni/hev-socks5-tunnel/third-part/hev-task-system/src/kern/task/hev-task-execute.S
 create mode 100644 app/src/main/jni/hev-socks5-tunnel/third-part/hev-task-system/src/kern/task/hev-task-executer.c
 create mode 100644 app/src/main/jni/hev-socks5-tunnel/third-part/hev-task-system/src/kern/task/hev-task-executer.h
 create mode 100644 app/src/main/jni/hev-socks5-tunnel/third-part/hev-task-system/src/kern/task/hev-task-private.h
 create mode 100644 app/src/main/jni/hev-socks5-tunnel/third-part/hev-task-system/src/kern/task/hev-task-stack-heap.c
 create mode 100644 app/src/main/jni/hev-socks5-tunnel/third-part/hev-task-system/src/kern/task/hev-task-stack-mmap.c
 create mode 100644 app/src/main/jni/hev-socks5-tunnel/third-part/hev-task-system/src/kern/task/hev-task-stack.h
 create mode 100644 app/src/main/jni/hev-socks5-tunnel/third-part/hev-task-system/src/kern/task/hev-task.c
 create mode 100644 app/src/main/jni/hev-socks5-tunnel/third-part/hev-task-system/src/kern/task/hev-task.h
 create mode 100644 app/src/main/jni/hev-socks5-tunnel/third-part/hev-task-system/src/kern/time/hev-task-timer.c
 create mode 100644 app/src/main/jni/hev-socks5-tunnel/third-part/hev-task-system/src/kern/time/hev-task-timer.h
 create mode 100644 app/src/main/jni/hev-socks5-tunnel/third-part/hev-task-system/src/lib/dns/hev-task-dns-proxy.c
 create mode 100644 app/src/main/jni/hev-socks5-tunnel/third-part/hev-task-system/src/lib/dns/hev-task-dns-proxy.h
 create mode 100644 app/src/main/jni/hev-socks5-tunnel/third-part/hev-task-system/src/lib/dns/hev-task-dns.c
 create mode 100644 app/src/main/jni/hev-socks5-tunnel/third-part/hev-task-system/src/lib/dns/hev-task-dns.h
 create mode 100644 app/src/main/jni/hev-socks5-tunnel/third-part/hev-task-system/src/lib/io/basic/hev-task-io.c
 create mode 100644 app/src/main/jni/hev-socks5-tunnel/third-part/hev-task-system/src/lib/io/basic/hev-task-io.h
 create mode 100644 app/src/main/jni/hev-socks5-tunnel/third-part/hev-task-system/src/lib/io/buffer/hev-circular-buffer.c
 create mode 100644 app/src/main/jni/hev-socks5-tunnel/third-part/hev-task-system/src/lib/io/buffer/hev-circular-buffer.h
 create mode 100644 app/src/main/jni/hev-socks5-tunnel/third-part/hev-task-system/src/lib/io/pipe/hev-task-io-pipe.c
 create mode 100644 app/src/main/jni/hev-socks5-tunnel/third-part/hev-task-system/src/lib/io/pipe/hev-task-io-pipe.h
 create mode 100644 app/src/main/jni/hev-socks5-tunnel/third-part/hev-task-system/src/lib/io/poll/hev-task-io-poll.c
 create mode 100644 app/src/main/jni/hev-socks5-tunnel/third-part/hev-task-system/src/lib/io/poll/hev-task-io-poll.h
 create mode 100644 app/src/main/jni/hev-socks5-tunnel/third-part/hev-task-system/src/lib/io/socket/hev-task-io-socket.c
 create mode 100644 app/src/main/jni/hev-socks5-tunnel/third-part/hev-task-system/src/lib/io/socket/hev-task-io-socket.h
 create mode 100644 app/src/main/jni/hev-socks5-tunnel/third-part/hev-task-system/src/lib/list/hev-list.c
 create mode 100644 app/src/main/jni/hev-socks5-tunnel/third-part/hev-task-system/src/lib/list/hev-list.h
 create mode 100644 app/src/main/jni/hev-socks5-tunnel/third-part/hev-task-system/src/lib/misc/hev-compiler.h
 create mode 100644 app/src/main/jni/hev-socks5-tunnel/third-part/hev-task-system/src/lib/misc/hev-debugger.c
 create mode 100644 app/src/main/jni/hev-socks5-tunnel/third-part/hev-task-system/src/lib/misc/hev-debugger.h
 create mode 100644 app/src/main/jni/hev-socks5-tunnel/third-part/hev-task-system/src/lib/misc/hev-task-stack-detector.c
 create mode 100644 app/src/main/jni/hev-socks5-tunnel/third-part/hev-task-system/src/lib/misc/hev-task-stack-detector.h
 create mode 100644 app/src/main/jni/hev-socks5-tunnel/third-part/hev-task-system/src/lib/misc/hev-windows-api.h
 create mode 100644 app/src/main/jni/hev-socks5-tunnel/third-part/hev-task-system/src/lib/object/hev-object-atomic.c
 create mode 100644 app/src/main/jni/hev-socks5-tunnel/third-part/hev-task-system/src/lib/object/hev-object-atomic.h
 create mode 100644 app/src/main/jni/hev-socks5-tunnel/third-part/hev-task-system/src/lib/object/hev-object.c
 create mode 100644 app/src/main/jni/hev-socks5-tunnel/third-part/hev-task-system/src/lib/object/hev-object.h
 create mode 100644 app/src/main/jni/hev-socks5-tunnel/third-part/hev-task-system/src/lib/rbtree/hev-rbtree-cached.c
 create mode 100644 app/src/main/jni/hev-socks5-tunnel/third-part/hev-task-system/src/lib/rbtree/hev-rbtree-cached.h
 create mode 100644 app/src/main/jni/hev-socks5-tunnel/third-part/hev-task-system/src/lib/rbtree/hev-rbtree.c
 create mode 100644 app/src/main/jni/hev-socks5-tunnel/third-part/hev-task-system/src/lib/rbtree/hev-rbtree.h
 create mode 100644 app/src/main/jni/hev-socks5-tunnel/third-part/hev-task-system/src/mem/api/hev-memory-allocator-api.c
 create mode 100644 app/src/main/jni/hev-socks5-tunnel/third-part/hev-task-system/src/mem/api/hev-memory-allocator-api.h
 create mode 100644 app/src/main/jni/hev-socks5-tunnel/third-part/hev-task-system/src/mem/base/hev-memory-allocator.c
 create mode 100644 app/src/main/jni/hev-socks5-tunnel/third-part/hev-task-system/src/mem/base/hev-memory-allocator.h
 create mode 100644 app/src/main/jni/hev-socks5-tunnel/third-part/hev-task-system/src/mem/simple/hev-memory-allocator-simple.c
 create mode 100644 app/src/main/jni/hev-socks5-tunnel/third-part/hev-task-system/src/mem/simple/hev-memory-allocator-simple.h
 create mode 100644 app/src/main/jni/hev-socks5-tunnel/third-part/hev-task-system/src/mem/slice/hev-memory-allocator-slice.c
 create mode 100644 app/src/main/jni/hev-socks5-tunnel/third-part/hev-task-system/src/mem/slice/hev-memory-allocator-slice.h
 create mode 100644 app/src/main/jni/hev-socks5-tunnel/third-part/hev-task-system/tests/io-circular-buffer.c
 create mode 100644 app/src/main/jni/hev-socks5-tunnel/third-part/hev-task-system/tests/io-creat.c
 create mode 100644 app/src/main/jni/hev-socks5-tunnel/third-part/hev-task-system/tests/io-open.c
 create mode 100644 app/src/main/jni/hev-socks5-tunnel/third-part/hev-task-system/tests/io-openat.c
 create mode 100644 app/src/main/jni/hev-socks5-tunnel/third-part/hev-task-system/tests/io-pipe.c
 create mode 100644 app/src/main/jni/hev-socks5-tunnel/third-part/hev-task-system/tests/io-poll.c
 create mode 100644 app/src/main/jni/hev-socks5-tunnel/third-part/hev-task-system/tests/io-read.c
 create mode 100644 app/src/main/jni/hev-socks5-tunnel/third-part/hev-task-system/tests/io-readv.c
 create mode 100644 app/src/main/jni/hev-socks5-tunnel/third-part/hev-task-system/tests/io-socket.c
 create mode 100644 app/src/main/jni/hev-socks5-tunnel/third-part/hev-task-system/tests/io-socketpair.c
 create mode 100644 app/src/main/jni/hev-socks5-tunnel/third-part/hev-task-system/tests/io-splice.c
 create mode 100644 app/src/main/jni/hev-socks5-tunnel/third-part/hev-task-system/tests/io-write.c
 create mode 100644 app/src/main/jni/hev-socks5-tunnel/third-part/hev-task-system/tests/io-writev.c
 create mode 100644 app/src/main/jni/hev-socks5-tunnel/third-part/hev-task-system/tests/io-yielder.c
 create mode 100644 app/src/main/jni/hev-socks5-tunnel/third-part/hev-task-system/tests/memory.c
 create mode 100644 app/src/main/jni/hev-socks5-tunnel/third-part/hev-task-system/tests/system.c
 create mode 100644 app/src/main/jni/hev-socks5-tunnel/third-part/hev-task-system/tests/task-call.c
 create mode 100644 app/src/main/jni/hev-socks5-tunnel/third-part/hev-task-system/tests/task-channel-select.c
 create mode 100644 app/src/main/jni/hev-socks5-tunnel/third-part/hev-task-system/tests/task-channel.c
 create mode 100644 app/src/main/jni/hev-socks5-tunnel/third-part/hev-task-system/tests/task-cond.c
 create mode 100644 app/src/main/jni/hev-socks5-tunnel/third-part/hev-task-system/tests/task-data.c
 create mode 100644 app/src/main/jni/hev-socks5-tunnel/third-part/hev-task-system/tests/task-dns.c
 create mode 100644 app/src/main/jni/hev-socks5-tunnel/third-part/hev-task-system/tests/task-exit.c
 create mode 100644 app/src/main/jni/hev-socks5-tunnel/third-part/hev-task-system/tests/task-fd.c
 create mode 100644 app/src/main/jni/hev-socks5-tunnel/third-part/hev-task-system/tests/task-join.c
 create mode 100644 app/src/main/jni/hev-socks5-tunnel/third-part/hev-task-system/tests/task-mutex.c
 create mode 100644 app/src/main/jni/hev-socks5-tunnel/third-part/hev-task-system/tests/task-priority.c
 create mode 100644 app/src/main/jni/hev-socks5-tunnel/third-part/hev-task-system/tests/task-ref.c
 create mode 100644 app/src/main/jni/hev-socks5-tunnel/third-part/hev-task-system/tests/task-self.c
 create mode 100644 app/src/main/jni/hev-socks5-tunnel/third-part/hev-task-system/tests/task-sleep.c
 create mode 100644 app/src/main/jni/hev-socks5-tunnel/third-part/hev-task-system/tests/task-state.c
 create mode 100644 app/src/main/jni/hev-socks5-tunnel/third-part/hev-task-system/tests/task-wakeup.c
 create mode 100644 app/src/main/jni/hev-socks5-tunnel/third-part/hev-task-system/tests/task-yield.c
 create mode 100644 app/src/main/jni/hev-socks5-tunnel/third-part/hev-task-system/tests/task.c
 create mode 100644 app/src/main/jni/hev-socks5-tunnel/third-part/lwip/.github/workflows/build.yaml
 create mode 100644 app/src/main/jni/hev-socks5-tunnel/third-part/lwip/.gitignore
 create mode 100644 app/src/main/jni/hev-socks5-tunnel/third-part/lwip/Android.mk
 create mode 100644 app/src/main/jni/hev-socks5-tunnel/third-part/lwip/Application.mk
 create mode 100644 app/src/main/jni/hev-socks5-tunnel/third-part/lwip/LICENSE
 create mode 100644 app/src/main/jni/hev-socks5-tunnel/third-part/lwip/Makefile
 create mode 100644 app/src/main/jni/hev-socks5-tunnel/third-part/lwip/README.md
 create mode 100644 app/src/main/jni/hev-socks5-tunnel/third-part/lwip/build.mk
 create mode 100644 app/src/main/jni/hev-socks5-tunnel/third-part/lwip/src/api/api_lib.c
 create mode 100644 app/src/main/jni/hev-socks5-tunnel/third-part/lwip/src/api/api_msg.c
 create mode 100644 app/src/main/jni/hev-socks5-tunnel/third-part/lwip/src/api/err.c
 create mode 100644 app/src/main/jni/hev-socks5-tunnel/third-part/lwip/src/api/if_api.c
 create mode 100644 app/src/main/jni/hev-socks5-tunnel/third-part/lwip/src/api/netbuf.c
 create mode 100644 app/src/main/jni/hev-socks5-tunnel/third-part/lwip/src/api/netdb.c
 create mode 100644 app/src/main/jni/hev-socks5-tunnel/third-part/lwip/src/api/netifapi.c
 create mode 100644 app/src/main/jni/hev-socks5-tunnel/third-part/lwip/src/api/sockets.c
 create mode 100644 app/src/main/jni/hev-socks5-tunnel/third-part/lwip/src/api/tcpip.c
 create mode 100644 app/src/main/jni/hev-socks5-tunnel/third-part/lwip/src/core/altcp.c
 create mode 100644 app/src/main/jni/hev-socks5-tunnel/third-part/lwip/src/core/altcp_alloc.c
 create mode 100644 app/src/main/jni/hev-socks5-tunnel/third-part/lwip/src/core/altcp_tcp.c
 create mode 100644 app/src/main/jni/hev-socks5-tunnel/third-part/lwip/src/core/def.c
 create mode 100644 app/src/main/jni/hev-socks5-tunnel/third-part/lwip/src/core/dns.c
 create mode 100644 app/src/main/jni/hev-socks5-tunnel/third-part/lwip/src/core/inet_chksum.c
 create mode 100644 app/src/main/jni/hev-socks5-tunnel/third-part/lwip/src/core/init.c
 create mode 100644 app/src/main/jni/hev-socks5-tunnel/third-part/lwip/src/core/ip.c
 create mode 100644 app/src/main/jni/hev-socks5-tunnel/third-part/lwip/src/core/ipv4/acd.c
 create mode 100644 app/src/main/jni/hev-socks5-tunnel/third-part/lwip/src/core/ipv4/autoip.c
 create mode 100644 app/src/main/jni/hev-socks5-tunnel/third-part/lwip/src/core/ipv4/dhcp.c
 create mode 100644 app/src/main/jni/hev-socks5-tunnel/third-part/lwip/src/core/ipv4/etharp.c
 create mode 100644 app/src/main/jni/hev-socks5-tunnel/third-part/lwip/src/core/ipv4/icmp.c
 create mode 100644 app/src/main/jni/hev-socks5-tunnel/third-part/lwip/src/core/ipv4/igmp.c
 create mode 100644 app/src/main/jni/hev-socks5-tunnel/third-part/lwip/src/core/ipv4/ip4.c
 create mode 100644 app/src/main/jni/hev-socks5-tunnel/third-part/lwip/src/core/ipv4/ip4_addr.c
 create mode 100644 app/src/main/jni/hev-socks5-tunnel/third-part/lwip/src/core/ipv4/ip4_frag.c
 create mode 100644 app/src/main/jni/hev-socks5-tunnel/third-part/lwip/src/core/ipv6/dhcp6.c
 create mode 100644 app/src/main/jni/hev-socks5-tunnel/third-part/lwip/src/core/ipv6/ethip6.c
 create mode 100644 app/src/main/jni/hev-socks5-tunnel/third-part/lwip/src/core/ipv6/icmp6.c
 create mode 100644 app/src/main/jni/hev-socks5-tunnel/third-part/lwip/src/core/ipv6/inet6.c
 create mode 100644 app/src/main/jni/hev-socks5-tunnel/third-part/lwip/src/core/ipv6/ip6.c
 create mode 100644 app/src/main/jni/hev-socks5-tunnel/third-part/lwip/src/core/ipv6/ip6_addr.c
 create mode 100644 app/src/main/jni/hev-socks5-tunnel/third-part/lwip/src/core/ipv6/ip6_frag.c
 create mode 100644 app/src/main/jni/hev-socks5-tunnel/third-part/lwip/src/core/ipv6/mld6.c
 create mode 100644 app/src/main/jni/hev-socks5-tunnel/third-part/lwip/src/core/ipv6/nd6.c
 create mode 100644 app/src/main/jni/hev-socks5-tunnel/third-part/lwip/src/core/mem.c
 create mode 100644 app/src/main/jni/hev-socks5-tunnel/third-part/lwip/src/core/memp.c
 create mode 100644 app/src/main/jni/hev-socks5-tunnel/third-part/lwip/src/core/netif.c
 create mode 100644 app/src/main/jni/hev-socks5-tunnel/third-part/lwip/src/core/pbuf.c
 create mode 100644 app/src/main/jni/hev-socks5-tunnel/third-part/lwip/src/core/raw.c
 create mode 100644 app/src/main/jni/hev-socks5-tunnel/third-part/lwip/src/core/stats.c
 create mode 100644 app/src/main/jni/hev-socks5-tunnel/third-part/lwip/src/core/sys.c
 create mode 100644 app/src/main/jni/hev-socks5-tunnel/third-part/lwip/src/core/tcp.c
 create mode 100644 app/src/main/jni/hev-socks5-tunnel/third-part/lwip/src/core/tcp_in.c
 create mode 100644 app/src/main/jni/hev-socks5-tunnel/third-part/lwip/src/core/tcp_out.c
 create mode 100644 app/src/main/jni/hev-socks5-tunnel/third-part/lwip/src/core/timeouts.c
 create mode 100644 app/src/main/jni/hev-socks5-tunnel/third-part/lwip/src/core/udp.c
 create mode 100644 app/src/main/jni/hev-socks5-tunnel/third-part/lwip/src/include/compat/posix/arpa/inet.h
 create mode 100644 app/src/main/jni/hev-socks5-tunnel/third-part/lwip/src/include/compat/posix/net/if.h
 create mode 100644 app/src/main/jni/hev-socks5-tunnel/third-part/lwip/src/include/compat/posix/netdb.h
 create mode 100644 app/src/main/jni/hev-socks5-tunnel/third-part/lwip/src/include/compat/posix/sys/socket.h
 create mode 100644 app/src/main/jni/hev-socks5-tunnel/third-part/lwip/src/include/compat/stdc/errno.h
 create mode 100644 app/src/main/jni/hev-socks5-tunnel/third-part/lwip/src/include/lwip/acd.h
 create mode 100644 app/src/main/jni/hev-socks5-tunnel/third-part/lwip/src/include/lwip/altcp.h
 create mode 100644 app/src/main/jni/hev-socks5-tunnel/third-part/lwip/src/include/lwip/altcp_tcp.h
 create mode 100644 app/src/main/jni/hev-socks5-tunnel/third-part/lwip/src/include/lwip/altcp_tls.h
 create mode 100644 app/src/main/jni/hev-socks5-tunnel/third-part/lwip/src/include/lwip/api.h
 create mode 100644 app/src/main/jni/hev-socks5-tunnel/third-part/lwip/src/include/lwip/arch.h
 create mode 100644 app/src/main/jni/hev-socks5-tunnel/third-part/lwip/src/include/lwip/autoip.h
 create mode 100644 app/src/main/jni/hev-socks5-tunnel/third-part/lwip/src/include/lwip/debug.h
 create mode 100644 app/src/main/jni/hev-socks5-tunnel/third-part/lwip/src/include/lwip/def.h
 create mode 100644 app/src/main/jni/hev-socks5-tunnel/third-part/lwip/src/include/lwip/dhcp.h
 create mode 100644 app/src/main/jni/hev-socks5-tunnel/third-part/lwip/src/include/lwip/dhcp6.h
 create mode 100644 app/src/main/jni/hev-socks5-tunnel/third-part/lwip/src/include/lwip/dns.h
 create mode 100644 app/src/main/jni/hev-socks5-tunnel/third-part/lwip/src/include/lwip/err.h
 create mode 100644 app/src/main/jni/hev-socks5-tunnel/third-part/lwip/src/include/lwip/errno.h
 create mode 100644 app/src/main/jni/hev-socks5-tunnel/third-part/lwip/src/include/lwip/etharp.h
 create mode 100644 app/src/main/jni/hev-socks5-tunnel/third-part/lwip/src/include/lwip/ethip6.h
 create mode 100644 app/src/main/jni/hev-socks5-tunnel/third-part/lwip/src/include/lwip/icmp.h
 create mode 100644 app/src/main/jni/hev-socks5-tunnel/third-part/lwip/src/include/lwip/icmp6.h
 create mode 100644 app/src/main/jni/hev-socks5-tunnel/third-part/lwip/src/include/lwip/if_api.h
 create mode 100644 app/src/main/jni/hev-socks5-tunnel/third-part/lwip/src/include/lwip/igmp.h
 create mode 100644 app/src/main/jni/hev-socks5-tunnel/third-part/lwip/src/include/lwip/inet.h
 create mode 100644 app/src/main/jni/hev-socks5-tunnel/third-part/lwip/src/include/lwip/inet_chksum.h
 create mode 100644 app/src/main/jni/hev-socks5-tunnel/third-part/lwip/src/include/lwip/init.h
 create mode 100644 app/src/main/jni/hev-socks5-tunnel/third-part/lwip/src/include/lwip/init.h.cmake.in
 create mode 100644 app/src/main/jni/hev-socks5-tunnel/third-part/lwip/src/include/lwip/ip.h
 create mode 100644 app/src/main/jni/hev-socks5-tunnel/third-part/lwip/src/include/lwip/ip4.h
 create mode 100644 app/src/main/jni/hev-socks5-tunnel/third-part/lwip/src/include/lwip/ip4_addr.h
 create mode 100644 app/src/main/jni/hev-socks5-tunnel/third-part/lwip/src/include/lwip/ip4_frag.h
 create mode 100644 app/src/main/jni/hev-socks5-tunnel/third-part/lwip/src/include/lwip/ip6.h
 create mode 100644 app/src/main/jni/hev-socks5-tunnel/third-part/lwip/src/include/lwip/ip6_addr.h
 create mode 100644 app/src/main/jni/hev-socks5-tunnel/third-part/lwip/src/include/lwip/ip6_frag.h
 create mode 100644 app/src/main/jni/hev-socks5-tunnel/third-part/lwip/src/include/lwip/ip6_zone.h
 create mode 100644 app/src/main/jni/hev-socks5-tunnel/third-part/lwip/src/include/lwip/ip_addr.h
 create mode 100644 app/src/main/jni/hev-socks5-tunnel/third-part/lwip/src/include/lwip/mem.h
 create mode 100644 app/src/main/jni/hev-socks5-tunnel/third-part/lwip/src/include/lwip/memp.h
 create mode 100644 app/src/main/jni/hev-socks5-tunnel/third-part/lwip/src/include/lwip/mld6.h
 create mode 100644 app/src/main/jni/hev-socks5-tunnel/third-part/lwip/src/include/lwip/nd6.h
 create mode 100644 app/src/main/jni/hev-socks5-tunnel/third-part/lwip/src/include/lwip/netbuf.h
 create mode 100644 app/src/main/jni/hev-socks5-tunnel/third-part/lwip/src/include/lwip/netdb.h
 create mode 100644 app/src/main/jni/hev-socks5-tunnel/third-part/lwip/src/include/lwip/netif.h
 create mode 100644 app/src/main/jni/hev-socks5-tunnel/third-part/lwip/src/include/lwip/netifapi.h
 create mode 100644 app/src/main/jni/hev-socks5-tunnel/third-part/lwip/src/include/lwip/opt.h
 create mode 100644 app/src/main/jni/hev-socks5-tunnel/third-part/lwip/src/include/lwip/pbuf.h
 create mode 100644 app/src/main/jni/hev-socks5-tunnel/third-part/lwip/src/include/lwip/priv/altcp_priv.h
 create mode 100644 app/src/main/jni/hev-socks5-tunnel/third-part/lwip/src/include/lwip/priv/api_msg.h
 create mode 100644 app/src/main/jni/hev-socks5-tunnel/third-part/lwip/src/include/lwip/priv/mem_priv.h
 create mode 100644 app/src/main/jni/hev-socks5-tunnel/third-part/lwip/src/include/lwip/priv/memp_priv.h
 create mode 100644 app/src/main/jni/hev-socks5-tunnel/third-part/lwip/src/include/lwip/priv/memp_std.h
 create mode 100644 app/src/main/jni/hev-socks5-tunnel/third-part/lwip/src/include/lwip/priv/nd6_priv.h
 create mode 100644 app/src/main/jni/hev-socks5-tunnel/third-part/lwip/src/include/lwip/priv/raw_priv.h
 create mode 100644 app/src/main/jni/hev-socks5-tunnel/third-part/lwip/src/include/lwip/priv/sockets_priv.h
 create mode 100644 app/src/main/jni/hev-socks5-tunnel/third-part/lwip/src/include/lwip/priv/tcp_priv.h
 create mode 100644 app/src/main/jni/hev-socks5-tunnel/third-part/lwip/src/include/lwip/priv/tcpip_priv.h
 create mode 100644 app/src/main/jni/hev-socks5-tunnel/third-part/lwip/src/include/lwip/prot/acd.h
 create mode 100644 app/src/main/jni/hev-socks5-tunnel/third-part/lwip/src/include/lwip/prot/autoip.h
 create mode 100644 app/src/main/jni/hev-socks5-tunnel/third-part/lwip/src/include/lwip/prot/dhcp.h
 create mode 100644 app/src/main/jni/hev-socks5-tunnel/third-part/lwip/src/include/lwip/prot/dhcp6.h
 create mode 100644 app/src/main/jni/hev-socks5-tunnel/third-part/lwip/src/include/lwip/prot/dns.h
 create mode 100644 app/src/main/jni/hev-socks5-tunnel/third-part/lwip/src/include/lwip/prot/etharp.h
 create mode 100644 app/src/main/jni/hev-socks5-tunnel/third-part/lwip/src/include/lwip/prot/ethernet.h
 create mode 100644 app/src/main/jni/hev-socks5-tunnel/third-part/lwip/src/include/lwip/prot/iana.h
 create mode 100644 app/src/main/jni/hev-socks5-tunnel/third-part/lwip/src/include/lwip/prot/icmp.h
 create mode 100644 app/src/main/jni/hev-socks5-tunnel/third-part/lwip/src/include/lwip/prot/icmp6.h
 create mode 100644 app/src/main/jni/hev-socks5-tunnel/third-part/lwip/src/include/lwip/prot/ieee.h
 create mode 100644 app/src/main/jni/hev-socks5-tunnel/third-part/lwip/src/include/lwip/prot/igmp.h
 create mode 100644 app/src/main/jni/hev-socks5-tunnel/third-part/lwip/src/include/lwip/prot/ip.h
 create mode 100644 app/src/main/jni/hev-socks5-tunnel/third-part/lwip/src/include/lwip/prot/ip4.h
 create mode 100644 app/src/main/jni/hev-socks5-tunnel/third-part/lwip/src/include/lwip/prot/ip6.h
 create mode 100644 app/src/main/jni/hev-socks5-tunnel/third-part/lwip/src/include/lwip/prot/mld6.h
 create mode 100644 app/src/main/jni/hev-socks5-tunnel/third-part/lwip/src/include/lwip/prot/nd6.h
 create mode 100644 app/src/main/jni/hev-socks5-tunnel/third-part/lwip/src/include/lwip/prot/tcp.h
 create mode 100644 app/src/main/jni/hev-socks5-tunnel/third-part/lwip/src/include/lwip/prot/udp.h
 create mode 100644 app/src/main/jni/hev-socks5-tunnel/third-part/lwip/src/include/lwip/raw.h
 create mode 100644 app/src/main/jni/hev-socks5-tunnel/third-part/lwip/src/include/lwip/sio.h
 create mode 100644 app/src/main/jni/hev-socks5-tunnel/third-part/lwip/src/include/lwip/snmp.h
 create mode 100644 app/src/main/jni/hev-socks5-tunnel/third-part/lwip/src/include/lwip/sockets.h
 create mode 100644 app/src/main/jni/hev-socks5-tunnel/third-part/lwip/src/include/lwip/stats.h
 create mode 100644 app/src/main/jni/hev-socks5-tunnel/third-part/lwip/src/include/lwip/sys.h
 create mode 100644 app/src/main/jni/hev-socks5-tunnel/third-part/lwip/src/include/lwip/tcp.h
 create mode 100644 app/src/main/jni/hev-socks5-tunnel/third-part/lwip/src/include/lwip/tcpbase.h
 create mode 100644 app/src/main/jni/hev-socks5-tunnel/third-part/lwip/src/include/lwip/tcpip.h
 create mode 100644 app/src/main/jni/hev-socks5-tunnel/third-part/lwip/src/include/lwip/timeouts.h
 create mode 100644 app/src/main/jni/hev-socks5-tunnel/third-part/lwip/src/include/lwip/udp.h
 create mode 100644 app/src/main/jni/hev-socks5-tunnel/third-part/lwip/src/include/netif/bridgeif.h
 create mode 100644 app/src/main/jni/hev-socks5-tunnel/third-part/lwip/src/include/netif/bridgeif_opts.h
 create mode 100644 app/src/main/jni/hev-socks5-tunnel/third-part/lwip/src/include/netif/etharp.h
 create mode 100644 app/src/main/jni/hev-socks5-tunnel/third-part/lwip/src/include/netif/ethernet.h
 create mode 100644 app/src/main/jni/hev-socks5-tunnel/third-part/lwip/src/include/netif/ieee802154.h
 create mode 100644 app/src/main/jni/hev-socks5-tunnel/third-part/lwip/src/include/netif/lowpan6.h
 create mode 100644 app/src/main/jni/hev-socks5-tunnel/third-part/lwip/src/include/netif/lowpan6_ble.h
 create mode 100644 app/src/main/jni/hev-socks5-tunnel/third-part/lwip/src/include/netif/lowpan6_common.h
 create mode 100644 app/src/main/jni/hev-socks5-tunnel/third-part/lwip/src/include/netif/lowpan6_opts.h
 create mode 100644 app/src/main/jni/hev-socks5-tunnel/third-part/lwip/src/include/netif/ppp/ccp.h
 create mode 100644 app/src/main/jni/hev-socks5-tunnel/third-part/lwip/src/include/netif/ppp/chap-md5.h
 create mode 100644 app/src/main/jni/hev-socks5-tunnel/third-part/lwip/src/include/netif/ppp/chap-new.h
 create mode 100644 app/src/main/jni/hev-socks5-tunnel/third-part/lwip/src/include/netif/ppp/chap_ms.h
 create mode 100644 app/src/main/jni/hev-socks5-tunnel/third-part/lwip/src/include/netif/ppp/eap.h
 create mode 100644 app/src/main/jni/hev-socks5-tunnel/third-part/lwip/src/include/netif/ppp/ecp.h
 create mode 100644 app/src/main/jni/hev-socks5-tunnel/third-part/lwip/src/include/netif/ppp/eui64.h
 create mode 100644 app/src/main/jni/hev-socks5-tunnel/third-part/lwip/src/include/netif/ppp/fsm.h
 create mode 100644 app/src/main/jni/hev-socks5-tunnel/third-part/lwip/src/include/netif/ppp/ipcp.h
 create mode 100644 app/src/main/jni/hev-socks5-tunnel/third-part/lwip/src/include/netif/ppp/ipv6cp.h
 create mode 100644 app/src/main/jni/hev-socks5-tunnel/third-part/lwip/src/include/netif/ppp/lcp.h
 create mode 100644 app/src/main/jni/hev-socks5-tunnel/third-part/lwip/src/include/netif/ppp/magic.h
 create mode 100644 app/src/main/jni/hev-socks5-tunnel/third-part/lwip/src/include/netif/ppp/mppe.h
 create mode 100644 app/src/main/jni/hev-socks5-tunnel/third-part/lwip/src/include/netif/ppp/polarssl/arc4.h
 create mode 100644 app/src/main/jni/hev-socks5-tunnel/third-part/lwip/src/include/netif/ppp/polarssl/des.h
 create mode 100644 app/src/main/jni/hev-socks5-tunnel/third-part/lwip/src/include/netif/ppp/polarssl/md4.h
 create mode 100644 app/src/main/jni/hev-socks5-tunnel/third-part/lwip/src/include/netif/ppp/polarssl/md5.h
 create mode 100644 app/src/main/jni/hev-socks5-tunnel/third-part/lwip/src/include/netif/ppp/polarssl/sha1.h
 create mode 100644 app/src/main/jni/hev-socks5-tunnel/third-part/lwip/src/include/netif/ppp/ppp.h
 create mode 100644 app/src/main/jni/hev-socks5-tunnel/third-part/lwip/src/include/netif/ppp/ppp_impl.h
 create mode 100644 app/src/main/jni/hev-socks5-tunnel/third-part/lwip/src/include/netif/ppp/ppp_opts.h
 create mode 100644 app/src/main/jni/hev-socks5-tunnel/third-part/lwip/src/include/netif/ppp/pppapi.h
 create mode 100644 app/src/main/jni/hev-socks5-tunnel/third-part/lwip/src/include/netif/ppp/pppcrypt.h
 create mode 100644 app/src/main/jni/hev-socks5-tunnel/third-part/lwip/src/include/netif/ppp/pppdebug.h
 create mode 100644 app/src/main/jni/hev-socks5-tunnel/third-part/lwip/src/include/netif/ppp/pppoe.h
 create mode 100644 app/src/main/jni/hev-socks5-tunnel/third-part/lwip/src/include/netif/ppp/pppol2tp.h
 create mode 100644 app/src/main/jni/hev-socks5-tunnel/third-part/lwip/src/include/netif/ppp/pppos.h
 create mode 100644 app/src/main/jni/hev-socks5-tunnel/third-part/lwip/src/include/netif/ppp/upap.h
 create mode 100644 app/src/main/jni/hev-socks5-tunnel/third-part/lwip/src/include/netif/ppp/vj.h
 create mode 100644 app/src/main/jni/hev-socks5-tunnel/third-part/lwip/src/include/netif/slipif.h
 create mode 100644 app/src/main/jni/hev-socks5-tunnel/third-part/lwip/src/include/netif/zepif.h
 create mode 100644 app/src/main/jni/hev-socks5-tunnel/third-part/lwip/src/netif/bridgeif.c
 create mode 100644 app/src/main/jni/hev-socks5-tunnel/third-part/lwip/src/netif/bridgeif_fdb.c
 create mode 100644 app/src/main/jni/hev-socks5-tunnel/third-part/lwip/src/netif/ethernet.c
 create mode 100644 app/src/main/jni/hev-socks5-tunnel/third-part/lwip/src/netif/lowpan6.c
 create mode 100644 app/src/main/jni/hev-socks5-tunnel/third-part/lwip/src/netif/lowpan6_ble.c
 create mode 100644 app/src/main/jni/hev-socks5-tunnel/third-part/lwip/src/netif/lowpan6_common.c
 create mode 100644 app/src/main/jni/hev-socks5-tunnel/third-part/lwip/src/netif/ppp/auth.c
 create mode 100644 app/src/main/jni/hev-socks5-tunnel/third-part/lwip/src/netif/ppp/ccp.c
 create mode 100644 app/src/main/jni/hev-socks5-tunnel/third-part/lwip/src/netif/ppp/chap-md5.c
 create mode 100644 app/src/main/jni/hev-socks5-tunnel/third-part/lwip/src/netif/ppp/chap-new.c
 create mode 100644 app/src/main/jni/hev-socks5-tunnel/third-part/lwip/src/netif/ppp/chap_ms.c
 create mode 100644 app/src/main/jni/hev-socks5-tunnel/third-part/lwip/src/netif/ppp/demand.c
 create mode 100644 app/src/main/jni/hev-socks5-tunnel/third-part/lwip/src/netif/ppp/eap.c
 create mode 100644 app/src/main/jni/hev-socks5-tunnel/third-part/lwip/src/netif/ppp/ecp.c
 create mode 100644 app/src/main/jni/hev-socks5-tunnel/third-part/lwip/src/netif/ppp/eui64.c
 create mode 100644 app/src/main/jni/hev-socks5-tunnel/third-part/lwip/src/netif/ppp/fsm.c
 create mode 100644 app/src/main/jni/hev-socks5-tunnel/third-part/lwip/src/netif/ppp/ipcp.c
 create mode 100644 app/src/main/jni/hev-socks5-tunnel/third-part/lwip/src/netif/ppp/ipv6cp.c
 create mode 100644 app/src/main/jni/hev-socks5-tunnel/third-part/lwip/src/netif/ppp/lcp.c
 create mode 100644 app/src/main/jni/hev-socks5-tunnel/third-part/lwip/src/netif/ppp/magic.c
 create mode 100644 app/src/main/jni/hev-socks5-tunnel/third-part/lwip/src/netif/ppp/mppe.c
 create mode 100644 app/src/main/jni/hev-socks5-tunnel/third-part/lwip/src/netif/ppp/multilink.c
 create mode 100644 app/src/main/jni/hev-socks5-tunnel/third-part/lwip/src/netif/ppp/polarssl/arc4.c
 create mode 100644 app/src/main/jni/hev-socks5-tunnel/third-part/lwip/src/netif/ppp/polarssl/des.c
 create mode 100644 app/src/main/jni/hev-socks5-tunnel/third-part/lwip/src/netif/ppp/polarssl/md4.c
 create mode 100644 app/src/main/jni/hev-socks5-tunnel/third-part/lwip/src/netif/ppp/polarssl/md5.c
 create mode 100644 app/src/main/jni/hev-socks5-tunnel/third-part/lwip/src/netif/ppp/polarssl/sha1.c
 create mode 100644 app/src/main/jni/hev-socks5-tunnel/third-part/lwip/src/netif/ppp/ppp.c
 create mode 100644 app/src/main/jni/hev-socks5-tunnel/third-part/lwip/src/netif/ppp/pppapi.c
 create mode 100644 app/src/main/jni/hev-socks5-tunnel/third-part/lwip/src/netif/ppp/pppcrypt.c
 create mode 100644 app/src/main/jni/hev-socks5-tunnel/third-part/lwip/src/netif/ppp/pppoe.c
 create mode 100644 app/src/main/jni/hev-socks5-tunnel/third-part/lwip/src/netif/ppp/pppol2tp.c
 create mode 100644 app/src/main/jni/hev-socks5-tunnel/third-part/lwip/src/netif/ppp/pppos.c
 create mode 100644 app/src/main/jni/hev-socks5-tunnel/third-part/lwip/src/netif/ppp/upap.c
 create mode 100644 app/src/main/jni/hev-socks5-tunnel/third-part/lwip/src/netif/ppp/utils.c
 create mode 100644 app/src/main/jni/hev-socks5-tunnel/third-part/lwip/src/netif/ppp/vj.c
 create mode 100644 app/src/main/jni/hev-socks5-tunnel/third-part/lwip/src/netif/slipif.c
 create mode 100644 app/src/main/jni/hev-socks5-tunnel/third-part/lwip/src/netif/zepif.c
 create mode 100644 app/src/main/jni/hev-socks5-tunnel/third-part/lwip/src/ports/include/arch/bpstruct.h
 create mode 100644 app/src/main/jni/hev-socks5-tunnel/third-part/lwip/src/ports/include/arch/cc.h
 create mode 100644 app/src/main/jni/hev-socks5-tunnel/third-part/lwip/src/ports/include/arch/epstruct.h
 create mode 100644 app/src/main/jni/hev-socks5-tunnel/third-part/lwip/src/ports/include/arch/perf.h
 create mode 100644 app/src/main/jni/hev-socks5-tunnel/third-part/lwip/src/ports/include/arch/sys_arch.h
 create mode 100644 app/src/main/jni/hev-socks5-tunnel/third-part/lwip/src/ports/include/lwipopts.h
 create mode 100644 app/src/main/jni/hev-socks5-tunnel/third-part/lwip/src/ports/include/netif/fifo.h
 create mode 100644 app/src/main/jni/hev-socks5-tunnel/third-part/lwip/src/ports/include/netif/list.h
 create mode 100644 app/src/main/jni/hev-socks5-tunnel/third-part/lwip/src/ports/include/netif/pcapif.h
 create mode 100644 app/src/main/jni/hev-socks5-tunnel/third-part/lwip/src/ports/include/netif/sio.h
 create mode 100644 app/src/main/jni/hev-socks5-tunnel/third-part/lwip/src/ports/include/netif/tapif.h
 create mode 100644 app/src/main/jni/hev-socks5-tunnel/third-part/lwip/src/ports/lib/mem.c
 create mode 100644 app/src/main/jni/hev-socks5-tunnel/third-part/lwip/src/ports/unix/include/cc.h
 create mode 100644 app/src/main/jni/hev-socks5-tunnel/third-part/lwip/src/ports/unix/include/netif/fifo.h
 create mode 100644 app/src/main/jni/hev-socks5-tunnel/third-part/lwip/src/ports/unix/include/netif/list.h
 create mode 100644 app/src/main/jni/hev-socks5-tunnel/third-part/lwip/src/ports/unix/include/netif/pcapif.h
 create mode 100644 app/src/main/jni/hev-socks5-tunnel/third-part/lwip/src/ports/unix/include/netif/sio.h
 create mode 100644 app/src/main/jni/hev-socks5-tunnel/third-part/lwip/src/ports/unix/include/netif/tapif.h
 create mode 100644 app/src/main/jni/hev-socks5-tunnel/third-part/lwip/src/ports/unix/include/perf.h
 create mode 100644 app/src/main/jni/hev-socks5-tunnel/third-part/lwip/src/ports/unix/include/sys_arch.h
 create mode 100644 app/src/main/jni/hev-socks5-tunnel/third-part/lwip/src/ports/unix/lib/perf.c
 create mode 100644 app/src/main/jni/hev-socks5-tunnel/third-part/lwip/src/ports/unix/lib/sys_arch.c
 create mode 100644 app/src/main/jni/hev-socks5-tunnel/third-part/lwip/src/ports/unix/netif/fifo.c
 create mode 100644 app/src/main/jni/hev-socks5-tunnel/third-part/lwip/src/ports/unix/netif/list.c
 create mode 100644 app/src/main/jni/hev-socks5-tunnel/third-part/lwip/src/ports/unix/netif/pcapif.c
 create mode 100644 app/src/main/jni/hev-socks5-tunnel/third-part/lwip/src/ports/unix/netif/sio.c
 create mode 100644 app/src/main/jni/hev-socks5-tunnel/third-part/lwip/src/ports/unix/netif/tapif.c
 create mode 100644 app/src/main/jni/hev-socks5-tunnel/third-part/lwip/src/ports/win32/include/bpstruct.h
 create mode 100644 app/src/main/jni/hev-socks5-tunnel/third-part/lwip/src/ports/win32/include/cc.h
 create mode 100644 app/src/main/jni/hev-socks5-tunnel/third-part/lwip/src/ports/win32/include/epstruct.h
 create mode 100644 app/src/main/jni/hev-socks5-tunnel/third-part/lwip/src/ports/win32/include/perf.h
 create mode 100644 app/src/main/jni/hev-socks5-tunnel/third-part/lwip/src/ports/win32/include/sys_arch.h
 create mode 100644 app/src/main/jni/hev-socks5-tunnel/third-part/lwip/src/ports/win32/lib/sys_arch.c
 create mode 100644 app/src/main/jni/hev-socks5-tunnel/third-part/lwip/src/ports/win32/netif/sio.c
 create mode 100644 app/src/main/jni/hev-socks5-tunnel/third-part/wintun/LICENSE.txt
 create mode 100644 app/src/main/jni/hev-socks5-tunnel/third-part/wintun/README.md
 create mode 100644 app/src/main/jni/hev-socks5-tunnel/third-part/wintun/include/wintun.h
 create mode 100644 app/src/main/jni/hev-socks5-tunnel/third-part/yaml/.gitignore
 create mode 100644 app/src/main/jni/hev-socks5-tunnel/third-part/yaml/.gitlab-ci.yml
 create mode 100644 app/src/main/jni/hev-socks5-tunnel/third-part/yaml/Android.mk
 create mode 100644 app/src/main/jni/hev-socks5-tunnel/third-part/yaml/Application.mk
 create mode 100644 app/src/main/jni/hev-socks5-tunnel/third-part/yaml/License
 create mode 100644 app/src/main/jni/hev-socks5-tunnel/third-part/yaml/Makefile
 create mode 100644 app/src/main/jni/hev-socks5-tunnel/third-part/yaml/README.md
 create mode 100644 app/src/main/jni/hev-socks5-tunnel/third-part/yaml/build.mk
 create mode 100644 app/src/main/jni/hev-socks5-tunnel/third-part/yaml/configs.mk
 create mode 120000 app/src/main/jni/hev-socks5-tunnel/third-part/yaml/include/yaml.h
 create mode 100644 app/src/main/jni/hev-socks5-tunnel/third-part/yaml/src/api.c
 create mode 100644 app/src/main/jni/hev-socks5-tunnel/third-part/yaml/src/dumper.c
 create mode 100644 app/src/main/jni/hev-socks5-tunnel/third-part/yaml/src/emitter.c
 create mode 100644 app/src/main/jni/hev-socks5-tunnel/third-part/yaml/src/loader.c
 create mode 100644 app/src/main/jni/hev-socks5-tunnel/third-part/yaml/src/parser.c
 create mode 100644 app/src/main/jni/hev-socks5-tunnel/third-part/yaml/src/reader.c
 create mode 100644 app/src/main/jni/hev-socks5-tunnel/third-part/yaml/src/scanner.c
 create mode 100644 app/src/main/jni/hev-socks5-tunnel/third-part/yaml/src/writer.c
 create mode 100644 app/src/main/jni/hev-socks5-tunnel/third-part/yaml/src/yaml.h
 create mode 100644 app/src/main/jni/hev-socks5-tunnel/third-part/yaml/src/yaml_private.h
 create mode 100644 app/src/main/res/drawable-nodpi/dark_med_icon.png
 create mode 100644 app/src/main/res/values-ar/strings.xml
 create mode 100644 app/src/main/res/values-en/strings.xml
 create mode 100644 app/src/main/res/values/strings.xml
 create mode 100644 app/src/main/res/values/styles.xml
 create mode 100644 app/src/main/res/xml/backup_rules.xml
 create mode 100644 app/src/main/res/xml/backup_rules_legacy.xml
 create mode 100644 app/src/test/java/com/darkmed/app/core/ClearAllDataFlowTest.kt
 create mode 100644 app/src/test/java/com/darkmed/app/core/EngineeringContractsTest.kt
 create mode 100644 app/src/test/java/com/darkmed/app/core/FailureInjectionMatrixTest.kt
 create mode 100644 app/src/test/java/com/darkmed/app/core/ProfileCatalogTest.kt
 create mode 100644 app/src/test/java/com/darkmed/app/core/TorConfigRendererTest.kt
 create mode 100644 app/src/test/java/com/darkmed/app/core/Tun2SocksConfigRendererTest.kt
 create mode 100644 app/src/test/java/com/darkmed/app/core/WebViewSecurityPolicyTest.kt
 create mode 100644 build.gradle.kts
 create mode 100644 config/cost_plan_template.json
 create mode 100644 config/multicloud_device_matrix_plan.json
 create mode 100644 gradle.properties
 create mode 100644 gradle/wrapper/gradle-wrapper.jar
 create mode 100644 gradle/wrapper/gradle-wrapper.properties
 create mode 100755 gradlew
 create mode 100644 gradlew.bat
 create mode 100644 qa/agents/__pycache__/claude_code_adapter.cpython-312.pyc
 create mode 100644 qa/agents/__pycache__/external_agent_adapter.cpython-312.pyc
 create mode 100644 qa/agents/__pycache__/master_orchestrator.cpython-312.pyc
 create mode 100644 qa/agents/__pycache__/ox_alpha_adapter.cpython-312.pyc
 create mode 100644 qa/agents/__pycache__/task_orchestrator.cpython-312.pyc
 create mode 100644 qa/agents/claude_code_adapter.py
 create mode 100644 qa/agents/external_agent_adapter.py
 create mode 100644 qa/agents/master_orchestrator.py
 create mode 100644 qa/agents/ox_alpha_adapter.py
 create mode 100644 qa/agents/task_orchestrator.py
 create mode 100644 qa/appium/__pycache__/universal_appium_suite.cpython-312.pyc
 create mode 100755 qa/appium/universal_appium_suite.py
 create mode 100644 reports/ATTACHED_FINAL_EXECUTION_REQUIREMENTS_AR.md
 create mode 100644 reports/ATTACHED_GITHUB_ACTIONS_COVERAGE_PLAN_AR.md
 create mode 100644 reports/ATTACHED_LINE_BY_LINE_CHECKLIST_AR.md
 create mode 100644 reports/ATTACHMENTS_COMPLIANCE_MATRIX.md
 create mode 100644 reports/BLOCKER_CLOSURE_MATRIX_V3.md
 create mode 100644 reports/BUG_FIX_DATABASE_AR.md
 create mode 100644 reports/CROSS_PROVIDER_RESULTS.md
 create mode 100644 reports/DARKMED_QA_FINAL_DELIVERY_AR.md
 create mode 100644 reports/DARK_MED_ACTUAL_BASELINE_2026-08-24.md
 create mode 100644 reports/DARK_MED_FAILURE_INJECTION_2026-08-24.md
 create mode 100644 reports/DARK_MED_FORENSIC_BASELINE.md
 create mode 100644 reports/DEVICE_COMPATIBILITY_SCORE.md
 create mode 100644 reports/EVIDENCE_TRACE_MATRIX.md
 create mode 100644 reports/FINAL_AGENT_REPORT.md
 create mode 100644 reports/FINAL_DEVICE_COMPATIBILITY.md
 create mode 100644 reports/FINAL_FEATURE_TRUTH_AUDIT.md
 create mode 100644 reports/FINAL_FORENSIC_AUDIT.md
 create mode 100644 reports/FINAL_RELEASE_READINESS.md
 create mode 100644 reports/FINAL_SECURITY_AUDIT.md
 create mode 100644 reports/FINAL_TEST_MATRIX.md
 create mode 100644 reports/GITHUB_ACTIONS_RUNTIME_QA_AR.md
 create mode 100644 reports/MASTER_FULL_SPECTRUM_QA_SECURITY_REPORT_AR.md
 create mode 100644 reports/MOBSF_FULL_APK_ANALYSIS_CURRENT_AR.md
 create mode 100644 reports/MULTICLOUD_REQUIREMENTS_COMPLIANCE.md
 create mode 100644 reports/MULTI_CLOUD_QA_FINAL_REPORT.md
 create mode 100644 reports/NETWORK_SECURITY_RUNTIME_REPORT.md
 create mode 100644 reports/REAL_DEVICE_MATRIX.md
 create mode 100644 reports/RELEASE_READINESS_FINAL.md
 create mode 100644 reports/RESEARCH_ANDROID_FGS_2026-08-24.md
 create mode 100644 reports/RESEARCH_ANDROID_SECURITY_2026-08-24.md
 create mode 100644 reports/RESEARCH_NETWORK_COMPONENTS_2026-08-24.md
 create mode 100644 reports/RESEARCH_SIGNING_TRANSPORTS_2026-08-24.md
 create mode 100644 reports/STRESS_TEST_REPORT.md
 create mode 100644 reports/TOR_RUNTIME_REPORT.md
 create mode 100644 reports/VPN_TUN_RUNTIME_REPORT.md
 create mode 100644 reports/agents/AGENT_01_FORENSIC_AUDITOR/CHANGES.md
 create mode 100644 reports/agents/AGENT_01_FORENSIC_AUDITOR/FINDINGS.md
 create mode 100644 reports/agents/AGENT_01_FORENSIC_AUDITOR/STATUS.md
 create mode 100644 reports/agents/AGENT_01_FORENSIC_AUDITOR/TESTS.md
 create mode 100644 reports/agents/AGENT_02_ANDROID14_XOS/CHANGES.md
 create mode 100644 reports/agents/AGENT_02_ANDROID14_XOS/FINDINGS.md
 create mode 100644 reports/agents/AGENT_02_ANDROID14_XOS/STATUS.md
 create mode 100644 reports/agents/AGENT_02_ANDROID14_XOS/TESTS.md
 create mode 100644 reports/agents/AGENT_03_UI_UX/CHANGES.md
 create mode 100644 reports/agents/AGENT_03_UI_UX/FINDINGS.md
 create mode 100644 reports/agents/AGENT_03_UI_UX/STATUS.md
 create mode 100644 reports/agents/AGENT_03_UI_UX/TESTS.md
 create mode 100644 reports/agents/AGENT_04_NETWORK_ARCHITECT/CHANGES.md
 create mode 100644 reports/agents/AGENT_04_NETWORK_ARCHITECT/FINDINGS.md
 create mode 100644 reports/agents/AGENT_04_NETWORK_ARCHITECT/STATUS.md
 create mode 100644 reports/agents/AGENT_04_NETWORK_ARCHITECT/TESTS.md
 create mode 100644 reports/agents/AGENT_05_TOR/CHANGES.md
 create mode 100644 reports/agents/AGENT_05_TOR/FINDINGS.md
 create mode 100644 reports/agents/AGENT_05_TOR/STATUS.md
 create mode 100644 reports/agents/AGENT_05_TOR/TESTS.md
 create mode 100644 reports/agents/AGENT_06_PLUGGABLE_TRANSPORT/CHANGES.md
 create mode 100644 reports/agents/AGENT_06_PLUGGABLE_TRANSPORT/FINDINGS.md
 create mode 100644 reports/agents/AGENT_06_PLUGGABLE_TRANSPORT/STATUS.md
 create mode 100644 reports/agents/AGENT_06_PLUGGABLE_TRANSPORT/TESTS.md
 create mode 100644 reports/agents/AGENT_07_VPN_TUN_JNI/CHANGES.md
 create mode 100644 reports/agents/AGENT_07_VPN_TUN_JNI/FINDINGS.md
 create mode 100644 reports/agents/AGENT_07_VPN_TUN_JNI/STATUS.md
 create mode 100644 reports/agents/AGENT_07_VPN_TUN_JNI/TESTS.md
 create mode 100644 reports/agents/AGENT_08_WIREGUARD/CHANGES.md
 create mode 100644 reports/agents/AGENT_08_WIREGUARD/FINDINGS.md
 create mode 100644 reports/agents/AGENT_08_WIREGUARD/STATUS.md
 create mode 100644 reports/agents/AGENT_08_WIREGUARD/TESTS.md
 create mode 100644 reports/agents/AGENT_09_DNS_LEAK/CHANGES.md
 create mode 100644 reports/agents/AGENT_09_DNS_LEAK/FINDINGS.md
 create mode 100644 reports/agents/AGENT_09_DNS_LEAK/STATUS.md
 create mode 100644 reports/agents/AGENT_09_DNS_LEAK/TESTS.md
 create mode 100644 reports/agents/AGENT_10_KILL_SWITCH/CHANGES.md
 create mode 100644 reports/agents/AGENT_10_KILL_SWITCH/FINDINGS.md
 create mode 100644 reports/agents/AGENT_10_KILL_SWITCH/STATUS.md
 create mode 100644 reports/agents/AGENT_10_KILL_SWITCH/TESTS.md
 create mode 100644 reports/agents/AGENT_11_BROWSER_WEBVIEW/CHANGES.md
 create mode 100644 reports/agents/AGENT_11_BROWSER_WEBVIEW/FINDINGS.md
 create mode 100644 reports/agents/AGENT_11_BROWSER_WEBVIEW/STATUS.md
 create mode 100644 reports/agents/AGENT_11_BROWSER_WEBVIEW/TESTS.md
 create mode 100644 reports/agents/AGENT_12_SESSION_ISOLATION/CHANGES.md
 create mode 100644 reports/agents/AGENT_12_SESSION_ISOLATION/FINDINGS.md
 create mode 100644 reports/agents/AGENT_12_SESSION_ISOLATION/STATUS.md
 create mode 100644 reports/agents/AGENT_12_SESSION_ISOLATION/TESTS.md
 create mode 100644 reports/agents/AGENT_13_SECURITY/CHANGES.md
 create mode 100644 reports/agents/AGENT_13_SECURITY/FINDINGS.md
 create mode 100644 reports/agents/AGENT_13_SECURITY/STATUS.md
 create mode 100644 reports/agents/AGENT_13_SECURITY/TESTS.md
 create mode 100644 reports/agents/AGENT_14_BIOMETRIC/CHANGES.md
 create mode 100644 reports/agents/AGENT_14_BIOMETRIC/FINDINGS.md
 create mode 100644 reports/agents/AGENT_14_BIOMETRIC/STATUS.md
 create mode 100644 reports/agents/AGENT_14_BIOMETRIC/TESTS.md
 create mode 100644 reports/agents/AGENT_15_DATA_WIPE_PRIVACY/CHANGES.md
 create mode 100644 reports/agents/AGENT_15_DATA_WIPE_PRIVACY/FINDINGS.md
 create mode 100644 reports/agents/AGENT_15_DATA_WIPE_PRIVACY/STATUS.md
 create mode 100644 reports/agents/AGENT_15_DATA_WIPE_PRIVACY/TESTS.md
 create mode 100644 reports/agents/AGENT_16_OPENAI_ASSISTANT/CHANGES.md
 create mode 100644 reports/agents/AGENT_16_OPENAI_ASSISTANT/FINDINGS.md
 create mode 100644 reports/agents/AGENT_16_OPENAI_ASSISTANT/STATUS.md
 create mode 100644 reports/agents/AGENT_16_OPENAI_ASSISTANT/TESTS.md
 create mode 100644 reports/agents/AGENT_17_AI_TRANSLATION/CHANGES.md
 create mode 100644 reports/agents/AGENT_17_AI_TRANSLATION/FINDINGS.md
 create mode 100644 reports/agents/AGENT_17_AI_TRANSLATION/STATUS.md
 create mode 100644 reports/agents/AGENT_17_AI_TRANSLATION/TESTS.md
 create mode 100644 reports/agents/AGENT_18_LOCAL_SANDBOX/CHANGES.md
 create mode 100644 reports/agents/AGENT_18_LOCAL_SANDBOX/FINDINGS.md
 create mode 100644 reports/agents/AGENT_18_LOCAL_SANDBOX/STATUS.md
 create mode 100644 reports/agents/AGENT_18_LOCAL_SANDBOX/TESTS.md
 create mode 100644 reports/agents/AGENT_19_SELF_DIAGNOSTIC/CHANGES.md
 create mode 100644 reports/agents/AGENT_19_SELF_DIAGNOSTIC/FINDINGS.md
 create mode 100644 reports/agents/AGENT_19_SELF_DIAGNOSTIC/STATUS.md
 create mode 100644 reports/agents/AGENT_19_SELF_DIAGNOSTIC/TESTS.md
 create mode 100644 reports/agents/AGENT_20_AUTO_RECOVERY/CHANGES.md
 create mode 100644 reports/agents/AGENT_20_AUTO_RECOVERY/FINDINGS.md
 create mode 100644 reports/agents/AGENT_20_AUTO_RECOVERY/STATUS.md
 create mode 100644 reports/agents/AGENT_20_AUTO_RECOVERY/TESTS.md
 create mode 100644 reports/agents/AGENT_21_PROFILE/CHANGES.md
 create mode 100644 reports/agents/AGENT_21_PROFILE/FINDINGS.md
 create mode 100644 reports/agents/AGENT_21_PROFILE/STATUS.md
 create mode 100644 reports/agents/AGENT_21_PROFILE/TESTS.md
 create mode 100644 reports/agents/AGENT_22_SECURITY_CENTER/CHANGES.md
 create mode 100644 reports/agents/AGENT_22_SECURITY_CENTER/FINDINGS.md
 create mode 100644 reports/agents/AGENT_22_SECURITY_CENTER/STATUS.md
 create mode 100644 reports/agents/AGENT_22_SECURITY_CENTER/TESTS.md
 create mode 100644 reports/agents/AGENT_23_TRAFFIC_MONITOR/CHANGES.md
 create mode 100644 reports/agents/AGENT_23_TRAFFIC_MONITOR/FINDINGS.md
 create mode 100644 reports/agents/AGENT_23_TRAFFIC_MONITOR/STATUS.md
 create mode 100644 reports/agents/AGENT_23_TRAFFIC_MONITOR/TESTS.md
 create mode 100644 reports/agents/AGENT_24_PANIC_LOCKDOWN/CHANGES.md
 create mode 100644 reports/agents/AGENT_24_PANIC_LOCKDOWN/FINDINGS.md
 create mode 100644 reports/agents/AGENT_24_PANIC_LOCKDOWN/STATUS.md
 create mode 100644 reports/agents/AGENT_24_PANIC_LOCKDOWN/TESTS.md
 create mode 100644 reports/agents/AGENT_25_PERFORMANCE/CHANGES.md
 create mode 100644 reports/agents/AGENT_25_PERFORMANCE/FINDINGS.md
 create mode 100644 reports/agents/AGENT_25_PERFORMANCE/STATUS.md
 create mode 100644 reports/agents/AGENT_25_PERFORMANCE/TESTS.md
 create mode 100644 reports/agents/AGENT_26_TEST/CHANGES.md
 create mode 100644 reports/agents/AGENT_26_TEST/FINDINGS.md
 create mode 100644 reports/agents/AGENT_26_TEST/STATUS.md
 create mode 100644 reports/agents/AGENT_26_TEST/TESTS.md
 create mode 100644 reports/agents/AGENT_27_EMULATOR_TEST/CHANGES.md
 create mode 100644 reports/agents/AGENT_27_EMULATOR_TEST/FINDINGS.md
 create mode 100644 reports/agents/AGENT_27_EMULATOR_TEST/STATUS.md
 create mode 100644 reports/agents/AGENT_27_EMULATOR_TEST/TESTS.md
 create mode 100644 reports/agents/AGENT_28_FIREBASE_TEST_LAB/CHANGES.md
 create mode 100644 reports/agents/AGENT_28_FIREBASE_TEST_LAB/FINDINGS.md
 create mode 100644 reports/agents/AGENT_28_FIREBASE_TEST_LAB/STATUS.md
 create mode 100644 reports/agents/AGENT_28_FIREBASE_TEST_LAB/TESTS.md
 create mode 100644 reports/agents/AGENT_29_CRASH_RELIABILITY/CHANGES.md
 create mode 100644 reports/agents/AGENT_29_CRASH_RELIABILITY/FINDINGS.md
 create mode 100644 reports/agents/AGENT_29_CRASH_RELIABILITY/STATUS.md
 create mode 100644 reports/agents/AGENT_29_CRASH_RELIABILITY/TESTS.md
 create mode 100644 reports/agents/AGENT_30_RELEASE/CHANGES.md
 create mode 100644 reports/agents/AGENT_30_RELEASE/FINDINGS.md
 create mode 100644 reports/agents/AGENT_30_RELEASE/STATUS.md
 create mode 100644 reports/agents/AGENT_30_RELEASE/TESTS.md
 create mode 100644 reports/agents/AGENT_31_DEFENSIVE_REVIEW/CHANGES.md
 create mode 100644 reports/agents/AGENT_31_DEFENSIVE_REVIEW/FINDINGS.md
 create mode 100644 reports/agents/AGENT_31_DEFENSIVE_REVIEW/STATUS.md
 create mode 100644 reports/agents/AGENT_31_DEFENSIVE_REVIEW/TESTS.md
 create mode 100644 reports/agents/AGENT_32_FINAL_QA/CHANGES.md
 create mode 100644 reports/agents/AGENT_32_FINAL_QA/FINDINGS.md
 create mode 100644 reports/agents/AGENT_32_FINAL_QA/STATUS.md
 create mode 100644 reports/agents/AGENT_32_FINAL_QA/TESTS.md
 create mode 100644 reports/agents/README.md
 create mode 100644 reports/attached_line_checklist_build.log
 create mode 100644 reports/attached_line_checklist_build.status
 create mode 100644 reports/attached_line_checklist_build_current.log
 create mode 100644 reports/attached_line_checklist_build_current.status
 create mode 100644 reports/attached_runtime_audit/20260827T_final/adb_devices.txt
 create mode 100644 reports/attached_runtime_audit/20260827T_final/apksigner_certs.txt
 create mode 100644 reports/attached_runtime_audit/20260827T_final/artifact_hashes.txt
 create mode 100644 reports/attached_runtime_audit/20260827T_final/checklist_builder.log
 create mode 100644 reports/attached_runtime_audit/20260827T_final/ci_status.txt
 create mode 100644 reports/attached_runtime_audit/20260827T_final/cloud_preflight.log
 create mode 100644 reports/attached_runtime_audit/20260827T_final/cloud_preflight/cross_provider_results.csv
 create mode 100644 reports/attached_runtime_audit/20260827T_final/cloud_preflight/device_matrix.csv
 create mode 100644 reports/attached_runtime_audit/20260827T_final/cloud_preflight/planned_device_matrix.csv
 create mode 100644 reports/attached_runtime_audit/20260827T_final/cloud_preflight/run_manifest.json
 create mode 100644 reports/attached_runtime_audit/20260827T_final/mobsf_status.txt
 create mode 100644 reports/attached_runtime_audit/20260827T_final/security_production.txt
 create mode 100644 reports/attached_runtime_audit/20260827T_final/security_qa.txt
 create mode 100644 reports/attached_runtime_audit/20260827T_final/status.txt
 create mode 100644 reports/attached_runtime_audit/20260827T_final/vpn_protect_contract.txt
 create mode 100644 reports/bug_protocol/20260827_five_repeat/run_1.log
 create mode 100644 reports/bug_protocol/20260827_five_repeat/run_2.log
 create mode 100644 reports/bug_protocol/20260827_five_repeat/run_3.log
 create mode 100644 reports/bug_protocol/20260827_five_repeat/run_4.log
 create mode 100644 reports/bug_protocol/20260827_five_repeat/run_5.log
 create mode 100644 reports/bug_protocol/20260827_five_repeat/status.txt
 create mode 100644 reports/bug_protocol/tun_config_hardening_test.log
 create mode 100644 reports/bug_protocol/tun_config_hardening_test.status
 create mode 100644 reports/bug_protocol/tun_config_renderer_test.log
 create mode 100644 reports/bug_protocol/tun_config_renderer_test.status
 create mode 100644 reports/bug_protocol/tun_config_renderer_test_retry.log
 create mode 100644 reports/bug_protocol/tun_config_renderer_test_retry.status
 create mode 100644 reports/bug_protocol/vpn_protect_build.log
 create mode 100644 reports/bug_protocol/vpn_protect_build.status
 create mode 100644 reports/bug_protocol/vpn_protect_build_final_retry.log
 create mode 100644 reports/bug_protocol/vpn_protect_build_final_retry.status
 create mode 100644 reports/bug_protocol/vpn_protect_build_retry.log
 create mode 100644 reports/bug_protocol/vpn_protect_build_retry.status
 create mode 100644 reports/bug_protocol/vpn_protect_build_second_retry.log
 create mode 100644 reports/bug_protocol/vpn_protect_build_second_retry.status
 create mode 100644 reports/bug_protocol/vpn_protect_contract.log
 create mode 100644 reports/bug_protocol/workflow_fix_regression.log
 create mode 100644 reports/bug_protocol/workflow_fix_regression_after.log
 create mode 100644 reports/ci/20260826T154932Z/agent_contracts.log
 create mode 100644 reports/ci/20260826T154932Z/assemble_android_test.log
 create mode 100644 reports/ci/20260826T154932Z/assemble_debug.log
 create mode 100644 reports/ci/20260826T154932Z/assemble_release.log
 create mode 100644 reports/ci/20260826T154932Z/clean.log
 create mode 100644 reports/ci/20260826T154932Z/cost_guard_contracts.log
 create mode 100644 reports/ci/20260826T154932Z/icon_pixels.log
 create mode 100644 reports/ci/20260826T154932Z/lint_debug.log
 create mode 100644 reports/ci/20260826T154932Z/lint_release.log
 create mode 100644 reports/ci/20260826T154932Z/orchestrator/cross_provider_results.csv
 create mode 100644 reports/ci/20260826T154932Z/orchestrator/device_matrix.csv
 create mode 100644 reports/ci/20260826T154932Z/orchestrator/planned_device_matrix.csv
 create mode 100644 reports/ci/20260826T154932Z/orchestrator/run_manifest.json
 create mode 100644 reports/ci/20260826T154932Z/orchestrator_preflight.log
 create mode 100644 reports/ci/20260826T154932Z/python_compile.log
 create mode 100644 reports/ci/20260826T154932Z/security_audit.log
 create mode 100644 reports/ci/20260826T154932Z/status.txt
 create mode 100644 reports/ci/20260826T154932Z/unit_test.log
 create mode 100644 reports/ci/20260826T194139Z/agent_contracts.log
 create mode 100644 reports/ci/20260826T194139Z/assemble_android_test.log
 create mode 100644 reports/ci/20260826T194139Z/assemble_debug.log
 create mode 100644 reports/ci/20260826T194139Z/assemble_release.log
 create mode 100644 reports/ci/20260826T194139Z/clean.log
 create mode 100644 reports/ci/20260826T194139Z/cost_guard_contracts.log
 create mode 100644 reports/ci/20260826T194139Z/icon_pixels.log
 create mode 100644 reports/ci/20260826T194139Z/lint_debug.log
 create mode 100644 reports/ci/20260826T194139Z/lint_release.log
 create mode 100644 reports/ci/20260826T194139Z/orchestrator/cross_provider_results.csv
 create mode 100644 reports/ci/20260826T194139Z/orchestrator/device_matrix.csv
 create mode 100644 reports/ci/20260826T194139Z/orchestrator/planned_device_matrix.csv
 create mode 100644 reports/ci/20260826T194139Z/orchestrator/run_manifest.json
 create mode 100644 reports/ci/20260826T194139Z/orchestrator_preflight.log
 create mode 100644 reports/ci/20260826T194139Z/python_compile.log
 create mode 100644 reports/ci/20260826T194139Z/security_audit.log
 create mode 100644 reports/ci/20260826T194139Z/status.txt
 create mode 100644 reports/ci/20260826T194139Z/task_orchestrator_contracts.log
 create mode 100644 reports/ci/20260826T194139Z/unit_test.log
 create mode 100644 reports/ci/20260826_v3_final/agent_contracts.log
 create mode 100644 reports/ci/20260826_v3_final/assemble_android_test.log
 create mode 100644 reports/ci/20260826_v3_final/assemble_debug.log
 create mode 100644 reports/ci/20260826_v3_final/assemble_release.log
 create mode 100644 reports/ci/20260826_v3_final/clean.log
 create mode 100644 reports/ci/20260826_v3_final/cost_guard_contracts.log
 create mode 100644 reports/ci/20260826_v3_final/icon_pixels.log
 create mode 100644 reports/ci/20260826_v3_final/lint_debug.log
 create mode 100644 reports/ci/20260826_v3_final/lint_release.log
 create mode 100644 reports/ci/20260826_v3_final/orchestrator/cross_provider_results.csv
 create mode 100644 reports/ci/20260826_v3_final/orchestrator/device_matrix.csv
 create mode 100644 reports/ci/20260826_v3_final/orchestrator/planned_device_matrix.csv
 create mode 100644 reports/ci/20260826_v3_final/orchestrator/run_manifest.json
 create mode 100644 reports/ci/20260826_v3_final/orchestrator_preflight.log
 create mode 100644 reports/ci/20260826_v3_final/python_compile.log
 create mode 100644 reports/ci/20260826_v3_final/security_audit.log
 create mode 100644 reports/ci/20260826_v3_final/status.txt
 create mode 100644 reports/ci/20260826_v3_final/task_orchestrator_contracts.log
 create mode 100644 reports/ci/20260826_v3_final/unit_test.log
 create mode 100644 reports/ci/20260827T064238Z/agent_contracts.log
 create mode 100644 reports/ci/20260827T064238Z/assemble_android_test.log
 create mode 100644 reports/ci/20260827T064238Z/assemble_debug.log
 create mode 100644 reports/ci/20260827T064238Z/assemble_release.log
 create mode 100644 reports/ci/20260827T064238Z/clean.log
 create mode 100644 reports/ci/20260827T064238Z/cost_guard_contracts.log
 create mode 100644 reports/ci/20260827T064238Z/icon_pixels.log
 create mode 100644 reports/ci/20260827T064238Z/lint_debug.log
 create mode 100644 reports/ci/20260827T064238Z/lint_release.log
 create mode 100644 reports/ci/20260827T064238Z/orchestrator/cross_provider_results.csv
 create mode 100644 reports/ci/20260827T064238Z/orchestrator/device_matrix.csv
 create mode 100644 reports/ci/20260827T064238Z/orchestrator/planned_device_matrix.csv
 create mode 100644 reports/ci/20260827T064238Z/orchestrator/run_manifest.json
 create mode 100644 reports/ci/20260827T064238Z/orchestrator_preflight.log
 create mode 100644 reports/ci/20260827T064238Z/python_compile.log
 create mode 100644 reports/ci/20260827T064238Z/security_audit.log
 create mode 100644 reports/ci/20260827T064238Z/status.txt
 create mode 100644 reports/ci/20260827T064238Z/task_orchestrator_contracts.log
 create mode 100644 reports/ci/20260827T064238Z/unit_test.log
 create mode 100644 reports/ci/20260827T064931Z/agent_contracts.log
 create mode 100644 reports/ci/20260827T064931Z/assemble_android_test.log
 create mode 100644 reports/ci/20260827T064931Z/assemble_debug.log
 create mode 100644 reports/ci/20260827T064931Z/assemble_release.log
 create mode 100644 reports/ci/20260827T064931Z/clean.log
 create mode 100644 reports/ci/20260827T064931Z/cost_guard_contracts.log
 create mode 100644 reports/ci/20260827T064931Z/icon_pixels.log
 create mode 100644 reports/ci/20260827T064931Z/lint_debug.log
 create mode 100644 reports/ci/20260827T064931Z/lint_release.log
 create mode 100644 reports/ci/20260827T064931Z/orchestrator/cross_provider_results.csv
 create mode 100644 reports/ci/20260827T064931Z/orchestrator/device_matrix.csv
 create mode 100644 reports/ci/20260827T064931Z/orchestrator/planned_device_matrix.csv
 create mode 100644 reports/ci/20260827T064931Z/orchestrator/run_manifest.json
 create mode 100644 reports/ci/20260827T064931Z/orchestrator_preflight.log
 create mode 100644 reports/ci/20260827T064931Z/python_compile.log
 create mode 100644 reports/ci/20260827T064931Z/security_audit.log
 create mode 100644 reports/ci/20260827T064931Z/status.txt
 create mode 100644 reports/ci/20260827T064931Z/task_orchestrator_contracts.log
 create mode 100644 reports/ci/20260827T064931Z/unit_test.log
 create mode 100644 reports/ci/20260827T_final_clear_webview/agent_contracts.log
 create mode 100644 reports/ci/20260827T_final_clear_webview/assemble_android_test.log
 create mode 100644 reports/ci/20260827T_final_clear_webview/assemble_debug.log
 create mode 100644 reports/ci/20260827T_final_clear_webview/assemble_release.log
 create mode 100644 reports/ci/20260827T_final_clear_webview/clean.log
 create mode 100644 reports/ci/20260827T_final_clear_webview/console.log
 create mode 100644 reports/ci/20260827T_final_clear_webview/cost_guard_contracts.log
 create mode 100644 reports/ci/20260827T_final_clear_webview/lint_debug.log
 create mode 100644 reports/ci/20260827T_final_clear_webview/lint_release.log
 create mode 100644 reports/ci/20260827T_final_clear_webview/python_compile.log
 create mode 100644 reports/ci/20260827T_final_clear_webview/status.txt
 create mode 100644 reports/ci/20260827T_final_clear_webview/task_orchestrator_contracts.log
 create mode 100644 reports/ci/20260827T_final_clear_webview/ui_security_contracts.log
 create mode 100644 reports/ci/20260827T_final_clear_webview/unit_test.log
 create mode 100644 reports/ci/20260827T_final_clear_webview/wrapper_status.txt
 create mode 100644 reports/ci/20260827T_final_clear_webview_retry/agent_contracts.log
 create mode 100644 reports/ci/20260827T_final_clear_webview_retry/assemble_android_test.log
 create mode 100644 reports/ci/20260827T_final_clear_webview_retry/assemble_debug.log
 create mode 100644 reports/ci/20260827T_final_clear_webview_retry/assemble_release.log
 create mode 100644 reports/ci/20260827T_final_clear_webview_retry/clean.log
 create mode 100644 reports/ci/20260827T_final_clear_webview_retry/console.log
 create mode 100644 reports/ci/20260827T_final_clear_webview_retry/cost_guard_contracts.log
 create mode 100644 reports/ci/20260827T_final_clear_webview_retry/icon_pixels.log
 create mode 100644 reports/ci/20260827T_final_clear_webview_retry/lint_debug.log
 create mode 100644 reports/ci/20260827T_final_clear_webview_retry/lint_release.log
 create mode 100644 reports/ci/20260827T_final_clear_webview_retry/orchestrator/cross_provider_results.csv
 create mode 100644 reports/ci/20260827T_final_clear_webview_retry/orchestrator/device_matrix.csv
 create mode 100644 reports/ci/20260827T_final_clear_webview_retry/orchestrator/planned_device_matrix.csv
 create mode 100644 reports/ci/20260827T_final_clear_webview_retry/orchestrator/run_manifest.json
 create mode 100644 reports/ci/20260827T_final_clear_webview_retry/orchestrator_preflight.log
 create mode 100644 reports/ci/20260827T_final_clear_webview_retry/python_compile.log
 create mode 100644 reports/ci/20260827T_final_clear_webview_retry/security_audit.log
 create mode 100644 reports/ci/20260827T_final_clear_webview_retry/status.txt
 create mode 100644 reports/ci/20260827T_final_clear_webview_retry/task_orchestrator_contracts.log
 create mode 100644 reports/ci/20260827T_final_clear_webview_retry/ui_security_contracts.log
 create mode 100644 reports/ci/20260827T_final_clear_webview_retry/unit_test.log
 create mode 100644 reports/ci/20260827T_final_clear_webview_retry/wrapper_status.txt
 create mode 100644 reports/ci/20260827T_final_github_actions_workflow/agent_contracts.log
 create mode 100644 reports/ci/20260827T_final_github_actions_workflow/assemble_android_test.log
 create mode 100644 reports/ci/20260827T_final_github_actions_workflow/assemble_debug.log
 create mode 100644 reports/ci/20260827T_final_github_actions_workflow/assemble_release.log
 create mode 100644 reports/ci/20260827T_final_github_actions_workflow/clean.log
 create mode 100644 reports/ci/20260827T_final_github_actions_workflow/console.log
 create mode 100644 reports/ci/20260827T_final_github_actions_workflow/cost_guard_contracts.log
 create mode 100644 reports/ci/20260827T_final_github_actions_workflow/github_actions_workflow.log
 create mode 100644 reports/ci/20260827T_final_github_actions_workflow/icon_pixels.log
 create mode 100644 reports/ci/20260827T_final_github_actions_workflow/lint_debug.log
 create mode 100644 reports/ci/20260827T_final_github_actions_workflow/lint_release.log
 create mode 100644 reports/ci/20260827T_final_github_actions_workflow/orchestrator/cross_provider_results.csv
 create mode 100644 reports/ci/20260827T_final_github_actions_workflow/orchestrator/device_matrix.csv
 create mode 100644 reports/ci/20260827T_final_github_actions_workflow/orchestrator/planned_device_matrix.csv
 create mode 100644 reports/ci/20260827T_final_github_actions_workflow/orchestrator/run_manifest.json
 create mode 100644 reports/ci/20260827T_final_github_actions_workflow/orchestrator_preflight.log
 create mode 100644 reports/ci/20260827T_final_github_actions_workflow/python_compile.log
 create mode 100644 reports/ci/20260827T_final_github_actions_workflow/security_audit.log
 create mode 100644 reports/ci/20260827T_final_github_actions_workflow/status.txt
 create mode 100644 reports/ci/20260827T_final_github_actions_workflow/task_orchestrator_contracts.log
 create mode 100644 reports/ci/20260827T_final_github_actions_workflow/ui_security_contracts.log
 create mode 100644 reports/ci/20260827T_final_github_actions_workflow/unit_test.log
 create mode 100644 reports/ci/20260827T_final_github_actions_workflow/wrapper_status.txt
 create mode 100644 reports/ci/20260827T_final_profile_crud/agent_contracts.log
 create mode 100644 reports/ci/20260827T_final_profile_crud/assemble_android_test.log
 create mode 100644 reports/ci/20260827T_final_profile_crud/assemble_debug.log
 create mode 100644 reports/ci/20260827T_final_profile_crud/assemble_release.log
 create mode 100644 reports/ci/20260827T_final_profile_crud/clean.log
 create mode 100644 reports/ci/20260827T_final_profile_crud/console.log
 create mode 100644 reports/ci/20260827T_final_profile_crud/cost_guard_contracts.log
 create mode 100644 reports/ci/20260827T_final_profile_crud/icon_pixels.log
 create mode 100644 reports/ci/20260827T_final_profile_crud/lint_debug.log
 create mode 100644 reports/ci/20260827T_final_profile_crud/lint_release.log
 create mode 100644 reports/ci/20260827T_final_profile_crud/orchestrator/cross_provider_results.csv
 create mode 100644 reports/ci/20260827T_final_profile_crud/orchestrator/device_matrix.csv
 create mode 100644 reports/ci/20260827T_final_profile_crud/orchestrator/planned_device_matrix.csv
 create mode 100644 reports/ci/20260827T_final_profile_crud/orchestrator/run_manifest.json
 create mode 100644 reports/ci/20260827T_final_profile_crud/orchestrator_preflight.log
 create mode 100644 reports/ci/20260827T_final_profile_crud/python_compile.log
 create mode 100644 reports/ci/20260827T_final_profile_crud/security_audit.log
 create mode 100644 reports/ci/20260827T_final_profile_crud/status.txt
 create mode 100644 reports/ci/20260827T_final_profile_crud/task_orchestrator_contracts.log
 create mode 100644 reports/ci/20260827T_final_profile_crud/ui_security_contracts.log
 create mode 100644 reports/ci/20260827T_final_profile_crud/unit_test.log
 create mode 100644 reports/ci/20260827T_final_profile_crud/wrapper_status.txt
 create mode 100644 reports/ci/20260827T_final_protocol7/agent_contracts.log
 create mode 100644 reports/ci/20260827T_final_protocol7/assemble_android_test.log
 create mode 100644 reports/ci/20260827T_final_protocol7/assemble_debug.log
 create mode 100644 reports/ci/20260827T_final_protocol7/assemble_release.log
 create mode 100644 reports/ci/20260827T_final_protocol7/clean.log
 create mode 100644 reports/ci/20260827T_final_protocol7/console.log
 create mode 100644 reports/ci/20260827T_final_protocol7/cost_guard_contracts.log
 create mode 100644 reports/ci/20260827T_final_protocol7/github_actions_workflow.log
 create mode 100644 reports/ci/20260827T_final_protocol7/icon_pixels.log
 create mode 100644 reports/ci/20260827T_final_protocol7/lint_debug.log
 create mode 100644 reports/ci/20260827T_final_protocol7/lint_release.log
 create mode 100644 reports/ci/20260827T_final_protocol7/orchestrator/cross_provider_results.csv
 create mode 100644 reports/ci/20260827T_final_protocol7/orchestrator/device_matrix.csv
 create mode 100644 reports/ci/20260827T_final_protocol7/orchestrator/planned_device_matrix.csv
 create mode 100644 reports/ci/20260827T_final_protocol7/orchestrator/run_manifest.json
 create mode 100644 reports/ci/20260827T_final_protocol7/orchestrator_preflight.log
 create mode 100644 reports/ci/20260827T_final_protocol7/python_compile.log
 create mode 100644 reports/ci/20260827T_final_protocol7/security_audit.log
 create mode 100644 reports/ci/20260827T_final_protocol7/status.txt
 create mode 100644 reports/ci/20260827T_final_protocol7/task_orchestrator_contracts.log
 create mode 100644 reports/ci/20260827T_final_protocol7/ui_security_contracts.log
 create mode 100644 reports/ci/20260827T_final_protocol7/unit_test.log
 create mode 100644 reports/ci/20260827T_final_protocol7/wrapper_status.txt
 create mode 100644 reports/ci/20260827T_final_tun_config/agent_contracts.log
 create mode 100644 reports/ci/20260827T_final_tun_config/assemble_android_test.log
 create mode 100644 reports/ci/20260827T_final_tun_config/assemble_debug.log
 create mode 100644 reports/ci/20260827T_final_tun_config/assemble_release.log
 create mode 100644 reports/ci/20260827T_final_tun_config/clean.log
 create mode 100644 reports/ci/20260827T_final_tun_config/console.log
 create mode 100644 reports/ci/20260827T_final_tun_config/cost_guard_contracts.log
 create mode 100644 reports/ci/20260827T_final_tun_config/github_actions_workflow.log
 create mode 100644 reports/ci/20260827T_final_tun_config/icon_pixels.log
 create mode 100644 reports/ci/20260827T_final_tun_config/lint_debug.log
 create mode 100644 reports/ci/20260827T_final_tun_config/lint_release.log
 create mode 100644 reports/ci/20260827T_final_tun_config/orchestrator/cross_provider_results.csv
 create mode 100644 reports/ci/20260827T_final_tun_config/orchestrator/device_matrix.csv
 create mode 100644 reports/ci/20260827T_final_tun_config/orchestrator/planned_device_matrix.csv
 create mode 100644 reports/ci/20260827T_final_tun_config/orchestrator/run_manifest.json
 create mode 100644 reports/ci/20260827T_final_tun_config/orchestrator_preflight.log
 create mode 100644 reports/ci/20260827T_final_tun_config/python_compile.log
 create mode 100644 reports/ci/20260827T_final_tun_config/security_audit.log
 create mode 100644 reports/ci/20260827T_final_tun_config/status.txt
 create mode 100644 reports/ci/20260827T_final_tun_config/task_orchestrator_contracts.log
 create mode 100644 reports/ci/20260827T_final_tun_config/ui_security_contracts.log
 create mode 100644 reports/ci/20260827T_final_tun_config/unit_test.log
 create mode 100644 reports/ci/20260827T_final_tun_config/vpn_protect_contract.log
 create mode 100644 reports/ci/20260827T_final_tun_config/wrapper_status.txt
 create mode 100644 reports/ci/20260827T_final_vpn_protect/agent_contracts.log
 create mode 100644 reports/ci/20260827T_final_vpn_protect/assemble_android_test.log
 create mode 100644 reports/ci/20260827T_final_vpn_protect/assemble_debug.log
 create mode 100644 reports/ci/20260827T_final_vpn_protect/assemble_release.log
 create mode 100644 reports/ci/20260827T_final_vpn_protect/clean.log
 create mode 100644 reports/ci/20260827T_final_vpn_protect/console.log
 create mode 100644 reports/ci/20260827T_final_vpn_protect/cost_guard_contracts.log
 create mode 100644 reports/ci/20260827T_final_vpn_protect/github_actions_workflow.log
 create mode 100644 reports/ci/20260827T_final_vpn_protect/icon_pixels.log
 create mode 100644 reports/ci/20260827T_final_vpn_protect/lint_debug.log
 create mode 100644 reports/ci/20260827T_final_vpn_protect/lint_release.log
 create mode 100644 reports/ci/20260827T_final_vpn_protect/orchestrator/cross_provider_results.csv
 create mode 100644 reports/ci/20260827T_final_vpn_protect/orchestrator/device_matrix.csv
 create mode 100644 reports/ci/20260827T_final_vpn_protect/orchestrator/planned_device_matrix.csv
 create mode 100644 reports/ci/20260827T_final_vpn_protect/orchestrator/run_manifest.json
 create mode 100644 reports/ci/20260827T_final_vpn_protect/orchestrator_preflight.log
 create mode 100644 reports/ci/20260827T_final_vpn_protect/python_compile.log
 create mode 100644 reports/ci/20260827T_final_vpn_protect/security_audit.log
 create mode 100644 reports/ci/20260827T_final_vpn_protect/status.txt
 create mode 100644 reports/ci/20260827T_final_vpn_protect/task_orchestrator_contracts.log
 create mode 100644 reports/ci/20260827T_final_vpn_protect/ui_security_contracts.log
 create mode 100644 reports/ci/20260827T_final_vpn_protect/unit_test.log
 create mode 100644 reports/ci/20260827T_final_vpn_protect/vpn_protect_contract.log
 create mode 100644 reports/ci/20260827T_final_vpn_protect/wrapper_status.txt
 create mode 100644 reports/crash_anr/20260826T154806Z/status.txt
 create mode 100644 reports/device_smoke/20260826T154806Z/status.txt
 create mode 100644 reports/discovery/2026-08-26/EXTERNAL_AGENTS_REPORT.md
 create mode 100644 reports/discovery/2026-08-26/adversarial_agent_tests/compile.log
 create mode 100644 reports/discovery/2026-08-26/adversarial_agent_tests/run.log
 create mode 100644 reports/discovery/2026-08-26/adversarial_agent_tests/status.txt
 create mode 100644 reports/discovery/2026-08-26/agent_contract_tests.txt
 create mode 100644 reports/discovery/2026-08-26/agent_discovery.json
 create mode 100644 reports/discovery/2026-08-26/agent_discovery_console.json
 create mode 100644 reports/discovery/2026-08-26/agent_discovery_status.txt
 create mode 100644 reports/discovery/2026-08-26/external_agents.txt
 create mode 100644 reports/discovery/2026-08-26/external_sources.md
 create mode 100644 reports/discovery/2026-08-26/final_build_gate/assemble_android_test.log
 create mode 100644 reports/discovery/2026-08-26/final_build_gate/assemble_debug.log
 create mode 100644 reports/discovery/2026-08-26/final_build_gate/assemble_release.log
 create mode 100644 reports/discovery/2026-08-26/final_build_gate/clean.log
 create mode 100644 reports/discovery/2026-08-26/final_build_gate/lint_debug.log
 create mode 100644 reports/discovery/2026-08-26/final_build_gate/lint_release.log
 create mode 100644 reports/discovery/2026-08-26/final_build_gate/summary.txt
 create mode 100644 reports/discovery/2026-08-26/final_build_gate/unit_test.log
 create mode 100644 reports/discovery/2026-08-26/final_orchestrator_preflight/console.json
 create mode 100644 reports/discovery/2026-08-26/final_orchestrator_preflight/cross_provider_results.csv
 create mode 100644 reports/discovery/2026-08-26/final_orchestrator_preflight/device_matrix.csv
 create mode 100644 reports/discovery/2026-08-26/final_orchestrator_preflight/planned_device_matrix.csv
 create mode 100644 reports/discovery/2026-08-26/final_orchestrator_preflight/run_manifest.json
 create mode 100644 reports/discovery/2026-08-26/final_orchestrator_preflight/status.txt
 create mode 100644 reports/discovery/2026-08-26/final_static_evidence/artifact_hashes_after.txt
 create mode 100644 reports/discovery/2026-08-26/final_static_evidence/artifact_hashes_before.txt
 create mode 100644 reports/discovery/2026-08-26/final_static_evidence/artifact_match_status.txt
 create mode 100644 reports/discovery/2026-08-26/final_static_evidence/crash_anr_evidence.log
 create mode 100644 reports/discovery/2026-08-26/final_static_evidence/device_smoke.log
 create mode 100644 reports/discovery/2026-08-26/final_static_evidence/icon_pixel.log
 create mode 100644 reports/discovery/2026-08-26/final_static_evidence/mobsf_static.log
 create mode 100644 reports/discovery/2026-08-26/final_static_evidence/network_evidence.log
 create mode 100644 reports/discovery/2026-08-26/final_static_evidence/security_audit_production_required.log
 create mode 100644 reports/discovery/2026-08-26/final_static_evidence/security_audit_qa.log
 create mode 100644 reports/discovery/2026-08-26/final_static_evidence/status.txt
 create mode 100644 reports/discovery/2026-08-26/inventory.txt
 create mode 100644 reports/discovery/2026-08-26/local_ci_console.log
 create mode 100644 reports/discovery/2026-08-26/local_ci_final_console.log
 create mode 100644 reports/discovery/2026-08-26/local_ci_final_status.txt
 create mode 100644 reports/discovery/2026-08-26/local_ci_status.txt
 create mode 100644 reports/discovery/2026-08-26/post_costguard/aws.log
 create mode 100644 reports/discovery/2026-08-26/post_costguard/bash_syntax.log
 create mode 100644 reports/discovery/2026-08-26/post_costguard/browserstack.log
 create mode 100644 reports/discovery/2026-08-26/post_costguard/cost_guard.console
 create mode 100644 reports/discovery/2026-08-26/post_costguard/cost_guard.json
 create mode 100644 reports/discovery/2026-08-26/post_costguard/cost_guard_compile.log
 create mode 100644 reports/discovery/2026-08-26/post_costguard/cost_guard_regression_status.txt
 create mode 100644 reports/discovery/2026-08-26/post_costguard/cost_guard_strict_status.txt
 create mode 100644 reports/discovery/2026-08-26/post_costguard/firebase.log
 create mode 100644 reports/discovery/2026-08-26/post_costguard/kobiton.log
 create mode 100644 reports/discovery/2026-08-26/post_costguard/perfecto.log
 create mode 100644 reports/discovery/2026-08-26/post_costguard/provider_exit_codes.txt
 create mode 100644 reports/discovery/2026-08-26/post_costguard/python_compile.log
 create mode 100644 reports/discovery/2026-08-26/post_costguard/sauce.log
 create mode 100644 reports/discovery/2026-08-26/post_costguard/status.txt
 create mode 100644 reports/discovery/2026-08-26/post_costguard_final/agent_contracts.log
 create mode 100644 reports/discovery/2026-08-26/post_costguard_final/aws.log
 create mode 100644 reports/discovery/2026-08-26/post_costguard_final/bash_syntax.log
 create mode 100644 reports/discovery/2026-08-26/post_costguard_final/browserstack.log
 create mode 100644 reports/discovery/2026-08-26/post_costguard_final/cost_guard_contracts.log
 create mode 100644 reports/discovery/2026-08-26/post_costguard_final/firebase.log
 create mode 100644 reports/discovery/2026-08-26/post_costguard_final/kobiton.log
 create mode 100644 reports/discovery/2026-08-26/post_costguard_final/perfecto.log
 create mode 100644 reports/discovery/2026-08-26/post_costguard_final/provider_exit_codes.txt
 create mode 100644 reports/discovery/2026-08-26/post_costguard_final/python_compile.log
 create mode 100644 reports/discovery/2026-08-26/post_costguard_final/sauce.log
 create mode 100644 reports/discovery/2026-08-26/post_costguard_final/status.txt
 create mode 100644 reports/discovery/2026-08-26/secret_hygiene/findings.txt
 create mode 100644 reports/discovery/2026-08-26/secret_hygiene/grep_errors.txt
 create mode 100644 reports/discovery/2026-08-26/secret_hygiene/status.txt
 create mode 100644 reports/discovery/2026-08-26/task_orchestrator_tests/compile.log
 create mode 100644 reports/discovery/2026-08-26/task_orchestrator_tests/run.log
 create mode 100644 reports/discovery/2026-08-26/task_orchestrator_tests/status.txt
 create mode 100644 reports/discovery/2026-08-26/task_orchestrator_tests/status_after_fix.txt
 create mode 100644 reports/discovery/2026-08-26/task_orchestrator_tests/status_final.txt
 create mode 100644 reports/evidence/deliverables.sha256
 create mode 100644 reports/evidence/final_apk_forensics.log
 create mode 100644 reports/evidence/final_current/apk_forensics.log
 create mode 100644 reports/evidence/final_current/artifact_2026-08-25/aapt_badging.log
 create mode 100644 reports/evidence/final_current/artifact_2026-08-25/apksigner.log
 create mode 100644 reports/evidence/final_current/artifact_2026-08-25/certificates.log
 create mode 100644 reports/evidence/final_current/artifact_2026-08-25/icon_file_types.log
 create mode 100644 reports/evidence/final_current/artifact_2026-08-25/icon_pixel_comparison.log
 create mode 100644 reports/evidence/final_current/artifact_2026-08-25/sha256.txt
 create mode 100644 reports/evidence/final_current/artifact_2026-08-25/zip_entries.txt
 create mode 100644 reports/evidence/final_current/artifact_2026-08-25_post_ui/aapt_badging.log
 create mode 100644 reports/evidence/final_current/artifact_2026-08-25_post_ui/apksigner.log
 create mode 100644 reports/evidence/final_current/artifact_2026-08-25_post_ui/audit_exit_codes.txt
 create mode 100644 reports/evidence/final_current/artifact_2026-08-25_post_ui/certificates.log
 create mode 100644 reports/evidence/final_current/artifact_2026-08-25_post_ui/icon_pixel_comparison.log
 create mode 100644 reports/evidence/final_current/artifact_2026-08-25_post_ui/security_audit_production_required.log
 create mode 100644 reports/evidence/final_current/artifact_2026-08-25_post_ui/security_audit_production_required_fixed.log
 create mode 100644 reports/evidence/final_current/artifact_2026-08-25_post_ui/security_audit_qa.log
 create mode 100644 reports/evidence/final_current/artifact_2026-08-25_post_ui/sha256.txt
 create mode 100644 reports/evidence/final_current/artifact_2026-08-25_post_ui/zip_entries.txt
 create mode 100644 reports/evidence/final_current/assembleDebug.log
 create mode 100644 reports/evidence/final_current/assembleDebugAndroidTest.log
 create mode 100644 reports/evidence/final_current/assembleRelease.log
 create mode 100644 reports/evidence/final_current/build_2026-08-25/assembleDebug.log
 create mode 100644 reports/evidence/final_current/build_2026-08-25/assembleDebugAndroidTest.log
 create mode 100644 reports/evidence/final_current/build_2026-08-25/assembleRelease.log
 create mode 100644 reports/evidence/final_current/build_2026-08-25/clean.log
 create mode 100644 reports/evidence/final_current/build_2026-08-25/lintDebug.log
 create mode 100644 reports/evidence/final_current/build_2026-08-25/lintRelease.log
 create mode 100644 reports/evidence/final_current/build_2026-08-25/results.tsv
 create mode 100644 reports/evidence/final_current/build_2026-08-25/unit.log
 create mode 100644 reports/evidence/final_current/build_2026-08-25_post_ui/assembleDebug.log
 create mode 100644 reports/evidence/final_current/build_2026-08-25_post_ui/assembleDebugAndroidTest.log
 create mode 100644 reports/evidence/final_current/build_2026-08-25_post_ui/assembleRelease.log
 create mode 100644 reports/evidence/final_current/build_2026-08-25_post_ui/clean.log
 create mode 100644 reports/evidence/final_current/build_2026-08-25_post_ui/lintDebug.log
 create mode 100644 reports/evidence/final_current/build_2026-08-25_post_ui/lintRelease.log
 create mode 100644 reports/evidence/final_current/build_2026-08-25_post_ui/results.tsv
 create mode 100644 reports/evidence/final_current/build_2026-08-25_post_ui/unit.log
 create mode 100644 reports/evidence/final_current/clean.log
 create mode 100644 reports/evidence/final_current/compatibility_build.log
 create mode 100644 reports/evidence/final_current/compatibility_regression.log
 create mode 100644 reports/evidence/final_current/compatibility_regression_2.log
 create mode 100644 reports/evidence/final_current/dark_med_f.sha256
 create mode 100644 reports/evidence/final_current/dark_med_f_apksigner.log
 create mode 100644 reports/evidence/final_current/dark_med_f_audit.log
 create mode 100644 reports/evidence/final_current/dark_med_f_production_required_audit.log
 create mode 100644 reports/evidence/final_current/darkmed_androidtest_compile_current.log
 create mode 100644 reports/evidence/final_current/darkmed_connected_smoke_current.log
 create mode 100644 reports/evidence/final_current/darkmed_emulator_api34_clean.log
 create mode 100644 reports/evidence/final_current/darkmed_emulator_api34_default.log
 create mode 100644 reports/evidence/final_current/darkmed_install_after_provision.log
 create mode 100644 reports/evidence/final_current/darkmed_install_default.log
 create mode 100644 reports/evidence/final_current/darkmed_install_diagnosis.log
 create mode 100644 reports/evidence/final_current/darkmed_install_slim.log
 create mode 100644 reports/evidence/final_current/darkmed_jadx.log
 create mode 100644 reports/evidence/final_current/darkmed_recovered_build_07.log
 create mode 100644 reports/evidence/final_current/darkmed_restart_audit.log
 create mode 100644 reports/evidence/final_current/darkmed_tasks_after_reset_03.log
 create mode 100644 reports/evidence/final_current/deliverables.sha256
 create mode 100644 reports/evidence/final_current/documentation_bundle.sha256
 create mode 100644 reports/evidence/final_current/lintDebug.log
 create mode 100644 reports/evidence/final_current/lintRelease.log
 create mode 100644 reports/evidence/final_current/localization_regression.log
 create mode 100644 reports/evidence/final_current/security_audit.log
 create mode 100644 reports/evidence/final_current/security_center_regression.log
 create mode 100644 reports/evidence/final_current/security_center_regression_2.log
 create mode 100644 reports/evidence/final_current/ui_truth_regression.log
 create mode 100644 reports/evidence/final_current/unit.log
 create mode 100644 reports/evidence/reset_cycle/assembleDebug.log
 create mode 100644 reports/evidence/reset_cycle/assembleDebugAndroidTest.log
 create mode 100644 reports/evidence/reset_cycle/assembleRelease.log
 create mode 100644 reports/evidence/reset_cycle/clean.log
 create mode 100644 reports/evidence/reset_cycle/current_evidence.log
 create mode 100644 reports/evidence/reset_cycle/lintDebug.log
 create mode 100644 reports/evidence/reset_cycle/lintRelease.log
 create mode 100644 reports/evidence/reset_cycle/unit.log
 create mode 100644 reports/evidence/security_audit_debug_apk.log
 create mode 100644 reports/github_push/20260827T_prepush/tree_summary.txt
 create mode 100644 reports/mobsf/20260826T154748Z/console.log
 create mode 100644 reports/mobsf/20260826T154748Z/manifest.txt
 create mode 100644 reports/mobsf/20260826T154748Z/mobsfscan_source.json
 create mode 100644 reports/mobsf/20260826T154748Z/status.txt
 create mode 100644 reports/mobsf/20260826_after_flag_secure/console.log
 create mode 100644 reports/mobsf/20260826_after_flag_secure/hardening_source_check.txt
 create mode 100644 reports/mobsf/20260826_after_flag_secure/manifest.txt
 create mode 100644 reports/mobsf/20260826_after_flag_secure/mobsfscan_source.json
 create mode 100644 reports/mobsf/20260826_after_flag_secure/security_audit.log
 create mode 100644 reports/mobsf/20260826_after_flag_secure/status.txt
 create mode 100644 reports/mobsf/20260826_after_flag_secure/status_summary.txt
 create mode 100644 reports/mobsf/20260826_after_tapjacking_setter/MOBSF_FINDINGS_AR.md
 create mode 100644 reports/mobsf/20260826_after_tapjacking_setter/console.log
 create mode 100644 reports/mobsf/20260826_after_tapjacking_setter/hashes.txt
 create mode 100644 reports/mobsf/20260826_after_tapjacking_setter/manifest.txt
 create mode 100644 reports/mobsf/20260826_after_tapjacking_setter/mobsfscan_source.json
 create mode 100644 reports/mobsf/20260826_after_tapjacking_setter/security_audit.log
 create mode 100644 reports/mobsf/20260826_after_tapjacking_setter/status.txt
 create mode 100644 reports/mobsf/20260826_after_tapjacking_setter/status_summary.txt
 create mode 100644 reports/mobsf/20260826_current_final/apk_sha256.txt
 create mode 100644 reports/mobsf/20260826_current_final/console.log
 create mode 100644 reports/mobsf/20260826_current_final/icon_pixel.log
 create mode 100644 reports/mobsf/20260826_current_final/manifest.txt
 create mode 100644 reports/mobsf/20260826_current_final/mobsfscan_source.json
 create mode 100644 reports/mobsf/20260826_current_final/security_audit_production_required.log
 create mode 100644 reports/mobsf/20260826_current_final/security_audit_qa.log
 create mode 100644 reports/mobsf/20260826_current_final/status.txt
 create mode 100644 reports/mobsf/20260826_current_final/status_summary.txt
 create mode 100644 reports/mobsf/20260826_hardening_build/artifact_hashes.txt
 create mode 100644 reports/mobsf/20260826_hardening_build/artifact_hashes_after_refresh.txt
 create mode 100644 reports/mobsf/20260826_hardening_build/artifact_match.txt
 create mode 100644 reports/mobsf/20260826_hardening_build/artifact_match_after_refresh.txt
 create mode 100644 reports/mobsf/20260826_hardening_build/assemble_android_test.log
 create mode 100644 reports/mobsf/20260826_hardening_build/assemble_debug.log
 create mode 100644 reports/mobsf/20260826_hardening_build/assemble_release.log
 create mode 100644 reports/mobsf/20260826_hardening_build/clean.log
 create mode 100644 reports/mobsf/20260826_hardening_build/lint_debug.log
 create mode 100644 reports/mobsf/20260826_hardening_build/lint_release.log
 create mode 100644 reports/mobsf/20260826_hardening_build/status.txt
 create mode 100644 reports/mobsf/20260826_hardening_build/unit_test.log
 create mode 100644 reports/mobsf/20260826_tapjacking_build/assemble_android_test.log
 create mode 100644 reports/mobsf/20260826_tapjacking_build/assemble_debug.log
 create mode 100644 reports/mobsf/20260826_tapjacking_build/assemble_release.log
 create mode 100644 reports/mobsf/20260826_tapjacking_build/clean.log
 create mode 100644 reports/mobsf/20260826_tapjacking_build/lint_debug.log
 create mode 100644 reports/mobsf/20260826_tapjacking_build/lint_release.log
 create mode 100644 reports/mobsf/20260826_tapjacking_build/status.txt
 create mode 100644 reports/mobsf/20260826_tapjacking_build/unit_test.log
 create mode 100644 reports/mobsf/20260826_v3_final_artifact/hashes.txt
 create mode 100644 reports/mobsf/20260826_v3_final_artifact/icon_pixel.log
 create mode 100644 reports/mobsf/20260826_v3_final_artifact/mobsf/console.log
 create mode 100644 reports/mobsf/20260826_v3_final_artifact/mobsf/manifest.txt
 create mode 100644 reports/mobsf/20260826_v3_final_artifact/mobsf/mobsfscan_source.json
 create mode 100644 reports/mobsf/20260826_v3_final_artifact/mobsf/status.txt
 create mode 100644 reports/mobsf/20260826_v3_final_artifact/security_audit.log
 create mode 100644 reports/mobsf/20260826_v3_final_artifact/security_audit_production_required.log
 create mode 100644 reports/mobsf/20260826_v3_final_artifact/status.txt
 create mode 100644 reports/mobsf/20260826_v3_final_artifact_hashes.txt
 create mode 100644 reports/mobsf/20260826_v3_final_artifact_match.txt
 create mode 100644 reports/mobsf/20260826_v3_final_ci_console.log
 create mode 100644 reports/mobsf/20260826_v3_final_ci_status.txt
 create mode 100644 reports/mobsf/20260826_v3_runtime_collectors/adb_devices.txt
 create mode 100644 reports/mobsf/20260826_v3_runtime_collectors/crash_anr.log
 create mode 100644 reports/mobsf/20260826_v3_runtime_collectors/device_smoke.log
 create mode 100644 reports/mobsf/20260826_v3_runtime_collectors/network.log
 create mode 100644 reports/mobsf/20260826_v3_runtime_collectors/status.txt
 create mode 100644 reports/mobsf/20260826_v3_runtime_preflight/adb_devices.txt
 create mode 100644 reports/mobsf/20260826_v3_runtime_preflight/status.txt
 create mode 100644 reports/mobsf/20260826_v3_signing_audit_regression/production_required.log
 create mode 100644 reports/mobsf/20260826_v3_signing_audit_regression/qa.log
 create mode 100644 reports/mobsf/20260826_v3_signing_audit_regression/status.txt
 create mode 100644 reports/mobsf/current_help.txt
 create mode 100644 reports/multicloud_qa/2026-08-25_adapters/aws/console.log
 create mode 100644 reports/multicloud_qa/2026-08-25_adapters/browserstack/console.log
 create mode 100644 reports/multicloud_qa/2026-08-25_adapters/firebase/console.log
 create mode 100644 reports/multicloud_qa/2026-08-25_preflight/cross_provider_results.csv
 create mode 100644 reports/multicloud_qa/2026-08-25_preflight/device_matrix.csv
 create mode 100644 reports/multicloud_qa/2026-08-25_preflight/preflight.json
 create mode 100644 reports/multicloud_qa/2026-08-25_preflight/run_manifest.json
 create mode 100644 reports/multicloud_qa/2026-08-26_adapters/PROVIDER_PREFLIGHT_EVIDENCE.txt
 create mode 100644 reports/multicloud_qa/2026-08-26_adapters/aws/console.log
 create mode 100644 reports/multicloud_qa/2026-08-26_adapters/aws/status.txt
 create mode 100644 reports/multicloud_qa/2026-08-26_adapters/browserstack/console.log
 create mode 100644 reports/multicloud_qa/2026-08-26_adapters/browserstack/status.txt
 create mode 100644 reports/multicloud_qa/2026-08-26_adapters/firebase/console.log
 create mode 100644 reports/multicloud_qa/2026-08-26_adapters/firebase/status.txt
 create mode 100644 reports/multicloud_qa/2026-08-26_evidence_layers/crash_anr/console.log
 create mode 100644 reports/multicloud_qa/2026-08-26_evidence_layers/crash_anr/status.txt
 create mode 100644 reports/multicloud_qa/2026-08-26_evidence_layers/network/console.log
 create mode 100644 reports/multicloud_qa/2026-08-26_evidence_layers/network/status.txt
 create mode 100644 reports/multicloud_qa/2026-08-26_evidence_layers/status.txt
 create mode 100644 reports/multicloud_qa/2026-08-26_expanded_adapters/aws/console.log
 create mode 100644 reports/multicloud_qa/2026-08-26_expanded_adapters/aws/status.txt
 create mode 100644 reports/multicloud_qa/2026-08-26_expanded_adapters/browserstack/console.log
 create mode 100644 reports/multicloud_qa/2026-08-26_expanded_adapters/browserstack/status.txt
 create mode 100644 reports/multicloud_qa/2026-08-26_expanded_adapters/firebase/console.log
 create mode 100644 reports/multicloud_qa/2026-08-26_expanded_adapters/firebase/status.txt
 create mode 100644 reports/multicloud_qa/2026-08-26_expanded_adapters/kobiton/console.log
 create mode 100644 reports/multicloud_qa/2026-08-26_expanded_adapters/kobiton/status.txt
 create mode 100644 reports/multicloud_qa/2026-08-26_expanded_adapters/perfecto/console.log
 create mode 100644 reports/multicloud_qa/2026-08-26_expanded_adapters/perfecto/status.txt
 create mode 100644 reports/multicloud_qa/2026-08-26_expanded_adapters/sauce/console.log
 create mode 100644 reports/multicloud_qa/2026-08-26_expanded_adapters/sauce/status.txt
 create mode 100644 reports/multicloud_qa/2026-08-26_expanded_matrix.console.json
 create mode 100644 reports/multicloud_qa/2026-08-26_expanded_matrix/cross_provider_results.csv
 create mode 100644 reports/multicloud_qa/2026-08-26_expanded_matrix/device_matrix.csv
 create mode 100644 reports/multicloud_qa/2026-08-26_expanded_matrix/planned_device_matrix.csv
 create mode 100644 reports/multicloud_qa/2026-08-26_expanded_matrix/run_manifest.json
 create mode 100644 reports/multicloud_qa/2026-08-26_expanded_matrix_v2.console.json
 create mode 100644 reports/multicloud_qa/2026-08-26_expanded_matrix_v2/cross_provider_results.csv
 create mode 100644 reports/multicloud_qa/2026-08-26_expanded_matrix_v2/device_matrix.csv
 create mode 100644 reports/multicloud_qa/2026-08-26_expanded_matrix_v2/planned_device_matrix.csv
 create mode 100644 reports/multicloud_qa/2026-08-26_expanded_matrix_v2/run_manifest.json
 create mode 100644 reports/multicloud_qa/2026-08-26_final_artifact_refresh/aapt_badging.txt
 create mode 100644 reports/multicloud_qa/2026-08-26_final_artifact_refresh/apksigner.txt
 create mode 100644 reports/multicloud_qa/2026-08-26_final_artifact_refresh/security_audit.log
 create mode 100644 reports/multicloud_qa/2026-08-26_final_artifact_refresh/status.txt
 create mode 100644 reports/multicloud_qa/2026-08-26_final_consistency/artifact.sha256
 create mode 100644 reports/multicloud_qa/2026-08-26_final_consistency/git_diff_check.txt
 create mode 100644 reports/multicloud_qa/2026-08-26_final_consistency/git_repo_check.txt
 create mode 100644 reports/multicloud_qa/2026-08-26_final_consistency/icon_pixel_check.log
 create mode 100644 reports/multicloud_qa/2026-08-26_final_consistency/icon_pixel_status.txt
 create mode 100644 reports/multicloud_qa/2026-08-26_final_consistency/report_consistency.txt
 create mode 100644 reports/multicloud_qa/2026-08-26_final_consistency/status.txt
 create mode 100644 reports/multicloud_qa/2026-08-26_final_evidence/merge_console.log
 create mode 100644 reports/multicloud_qa/2026-08-26_final_evidence/merged_results.json
 create mode 100644 reports/multicloud_qa/2026-08-26_final_evidence/merged_results_v2.json
 create mode 100644 reports/multicloud_qa/2026-08-26_final_evidence/mobsf/console.log
 create mode 100644 reports/multicloud_qa/2026-08-26_final_evidence/mobsf/manifest.txt
 create mode 100644 reports/multicloud_qa/2026-08-26_final_evidence/mobsf/mobsfscan_source.json
 create mode 100644 reports/multicloud_qa/2026-08-26_final_evidence/mobsf/status.txt
 create mode 100644 reports/multicloud_qa/2026-08-26_final_evidence/mobsf_console.log
 create mode 100644 reports/multicloud_qa/2026-08-26_final_evidence/status.txt
 create mode 100644 reports/multicloud_qa/2026-08-26_final_matrix.console.json
 create mode 100644 reports/multicloud_qa/2026-08-26_final_matrix/cross_provider_results.csv
 create mode 100644 reports/multicloud_qa/2026-08-26_final_matrix/device_matrix.csv
 create mode 100644 reports/multicloud_qa/2026-08-26_final_matrix/planned_device_matrix.csv
 create mode 100644 reports/multicloud_qa/2026-08-26_final_matrix/run_manifest.json
 create mode 100644 reports/multicloud_qa/2026-08-26_full_clean_gates/_app_assembleDebug.log
 create mode 100644 reports/multicloud_qa/2026-08-26_full_clean_gates/_app_assembleDebugAndroidTest.log
 create mode 100644 reports/multicloud_qa/2026-08-26_full_clean_gates/_app_assembleRelease.log
 create mode 100644 reports/multicloud_qa/2026-08-26_full_clean_gates/_app_clean.log
 create mode 100644 reports/multicloud_qa/2026-08-26_full_clean_gates/_app_lintDebug.log
 create mode 100644 reports/multicloud_qa/2026-08-26_full_clean_gates/_app_lintRelease.log
 create mode 100644 reports/multicloud_qa/2026-08-26_full_clean_gates/_app_testDebugUnitTest.log
 create mode 100644 reports/multicloud_qa/2026-08-26_full_clean_gates/artifact_sha256.txt
 create mode 100644 reports/multicloud_qa/2026-08-26_full_clean_gates/security_audit.log
 create mode 100644 reports/multicloud_qa/2026-08-26_full_clean_gates/status.txt
 create mode 100644 reports/multicloud_qa/2026-08-26_local_api34/TEST-darkmed_api34_default(AVD) - 14-_app-.xml
 create mode 100644 reports/multicloud_qa/2026-08-26_local_api34/arm64_avd/create.log
 create mode 100644 reports/multicloud_qa/2026-08-26_local_api34/arm64_avd/emulator.log
 create mode 100644 reports/multicloud_qa/2026-08-26_local_api34/arm64_avd/status.txt
 create mode 100644 reports/multicloud_qa/2026-08-26_local_api34/collector_after_avd_failure/console.log
 create mode 100644 reports/multicloud_qa/2026-08-26_local_api34/collector_after_avd_failure/status.txt
 create mode 100644 reports/multicloud_qa/2026-08-26_local_api34/connectedDebugAndroidTest.log
 create mode 100644 reports/multicloud_qa/2026-08-26_local_api34/instrumentation_summary.txt
 create mode 100644 reports/multicloud_qa/2026-08-26_local_api34/status.txt
 create mode 100644 reports/multicloud_qa/2026-08-26_local_api34/test-result.textproto
 create mode 100644 reports/multicloud_qa/2026-08-26_local_api34/ui_smoke/install.log
 create mode 100644 reports/multicloud_qa/2026-08-26_local_api34/ui_smoke/launch.log
 create mode 100644 reports/multicloud_qa/2026-08-26_local_api34/ui_smoke/launch.png
 create mode 100644 reports/multicloud_qa/2026-08-26_local_api34/ui_smoke/logcat.txt
 create mode 100644 reports/multicloud_qa/2026-08-26_local_api34/ui_smoke/status.txt
 create mode 100644 reports/multicloud_qa/2026-08-26_local_api34/ui_smoke/ui_dump_command.log
 create mode 100644 reports/multicloud_qa/2026-08-26_local_api34/ui_smoke/window.xml
 create mode 100644 reports/multicloud_qa/2026-08-26_local_api34/ui_smoke_clean_avd/clear.log
 create mode 100644 reports/multicloud_qa/2026-08-26_local_api34/ui_smoke_clean_avd/emulator.log
 create mode 100644 reports/multicloud_qa/2026-08-26_local_api34/ui_smoke_clean_avd/install.log
 create mode 100644 reports/multicloud_qa/2026-08-26_local_api34/ui_smoke_clean_avd/kill.log
 create mode 100644 reports/multicloud_qa/2026-08-26_local_api34/ui_smoke_clean_avd/launch.log
 create mode 100644 reports/multicloud_qa/2026-08-26_local_api34/ui_smoke_clean_avd/launch.png
 create mode 100644 reports/multicloud_qa/2026-08-26_local_api34/ui_smoke_clean_avd/launcher_status.txt
 create mode 100644 reports/multicloud_qa/2026-08-26_local_api34/ui_smoke_clean_avd/logcat_all.txt
 create mode 100644 reports/multicloud_qa/2026-08-26_local_api34/ui_smoke_clean_avd/ui_dump_command.log
 create mode 100644 reports/multicloud_qa/2026-08-26_local_api34/ui_smoke_clean_avd/window.xml
 create mode 100644 reports/multicloud_qa/2026-08-26_local_api34/ui_smoke_recovery/clear.log
 create mode 100644 reports/multicloud_qa/2026-08-26_local_api34/ui_smoke_recovery/diagnosis.txt
 create mode 100644 reports/multicloud_qa/2026-08-26_local_api34/ui_smoke_recovery/install.log
 create mode 100644 reports/multicloud_qa/2026-08-26_local_api34/ui_smoke_recovery/launch.log
 create mode 100644 reports/multicloud_qa/2026-08-26_local_api34/ui_smoke_recovery/launch.png
 create mode 100644 reports/multicloud_qa/2026-08-26_local_api34/ui_smoke_recovery/logcat_all.txt
 create mode 100644 reports/multicloud_qa/2026-08-26_local_api34/ui_smoke_recovery/reboot.log
 create mode 100644 reports/multicloud_qa/2026-08-26_local_api34/ui_smoke_recovery/status.txt
 create mode 100644 reports/multicloud_qa/2026-08-26_local_api34/ui_smoke_recovery/ui_dump_command.log
 create mode 100644 reports/multicloud_qa/2026-08-26_local_api34/ui_smoke_recovery/wait.log
 create mode 100644 reports/multicloud_qa/2026-08-26_local_api34/ui_smoke_recovery/window.xml
 create mode 100644 reports/multicloud_qa/2026-08-26_manifest_fix_regression/_app_assembleDebug.log
 create mode 100644 reports/multicloud_qa/2026-08-26_manifest_fix_regression/_app_assembleDebugAndroidTest.log
 create mode 100644 reports/multicloud_qa/2026-08-26_manifest_fix_regression/_app_assembleRelease.log
 create mode 100644 reports/multicloud_qa/2026-08-26_manifest_fix_regression/_app_clean.log
 create mode 100644 reports/multicloud_qa/2026-08-26_manifest_fix_regression/_app_lintDebug.log
 create mode 100644 reports/multicloud_qa/2026-08-26_manifest_fix_regression/_app_lintRelease.log
 create mode 100644 reports/multicloud_qa/2026-08-26_manifest_fix_regression/_app_testDebugUnitTest.log
 create mode 100644 reports/multicloud_qa/2026-08-26_manifest_fix_regression/artifact_sha256.txt
 create mode 100644 reports/multicloud_qa/2026-08-26_manifest_fix_regression/security_audit.log
 create mode 100644 reports/multicloud_qa/2026-08-26_manifest_fix_regression/status.txt
 create mode 100644 reports/multicloud_qa/2026-08-26_matrix/cross_provider_results.csv
 create mode 100644 reports/multicloud_qa/2026-08-26_matrix/device_matrix.csv
 create mode 100644 reports/multicloud_qa/2026-08-26_matrix/planned_device_matrix.csv
 create mode 100644 reports/multicloud_qa/2026-08-26_matrix/preflight.json
 create mode 100644 reports/multicloud_qa/2026-08-26_matrix/run_manifest.json
 create mode 100644 reports/multicloud_qa/2026-08-26_mobsf_task_hijacking_fix/_app_assembleDebug.log
 create mode 100644 reports/multicloud_qa/2026-08-26_mobsf_task_hijacking_fix/_app_assembleDebugAndroidTest.log
 create mode 100644 reports/multicloud_qa/2026-08-26_mobsf_task_hijacking_fix/_app_assembleRelease.log
 create mode 100644 reports/multicloud_qa/2026-08-26_mobsf_task_hijacking_fix/_app_clean.log
 create mode 100644 reports/multicloud_qa/2026-08-26_mobsf_task_hijacking_fix/_app_lintDebug.log
 create mode 100644 reports/multicloud_qa/2026-08-26_mobsf_task_hijacking_fix/_app_lintRelease.log
 create mode 100644 reports/multicloud_qa/2026-08-26_mobsf_task_hijacking_fix/_app_testDebugUnitTest.log
 create mode 100644 reports/multicloud_qa/2026-08-26_mobsf_task_hijacking_fix/artifact_sha256.txt
 create mode 100644 reports/multicloud_qa/2026-08-26_mobsf_task_hijacking_fix/mobsfscan_console.log
 create mode 100644 reports/multicloud_qa/2026-08-26_mobsf_task_hijacking_fix/mobsfscan_source.json
 create mode 100644 reports/multicloud_qa/2026-08-26_mobsf_task_hijacking_fix/mobsfscan_summary.txt
 create mode 100644 reports/multicloud_qa/2026-08-26_mobsf_task_hijacking_fix/security_audit.log
 create mode 100644 reports/multicloud_qa/2026-08-26_mobsf_task_hijacking_fix/status.txt
 create mode 100644 reports/multicloud_qa/2026-08-26_mobsfscan/console.log
 create mode 100644 reports/multicloud_qa/2026-08-26_mobsfscan/help.txt
 create mode 100644 reports/multicloud_qa/2026-08-26_mobsfscan/mobsfscan.json
 create mode 100644 reports/multicloud_qa/2026-08-26_mobsfscan/mobsfscan_project.json
 create mode 100644 reports/multicloud_qa/2026-08-26_mobsfscan/project_console.log
 create mode 100644 reports/multicloud_qa/2026-08-26_mobsfscan/project_status.txt
 create mode 100644 reports/multicloud_qa/2026-08-26_mobsfscan/status.txt
 create mode 100644 reports/multicloud_qa/2026-08-26_mobsfscan/version.txt
 create mode 100644 reports/multicloud_qa/2026-08-26_mobsfscan_after_fix/console.log
 create mode 100644 reports/multicloud_qa/2026-08-26_mobsfscan_after_fix/mobsfscan_source.json
 create mode 100644 reports/multicloud_qa/2026-08-26_mobsfscan_after_fix/status.txt
 create mode 100644 reports/multicloud_qa/2026-08-26_mobsfscan_after_fix/summary.txt
 create mode 100644 reports/multicloud_qa/2026-08-26_mobsfscan_install.log
 create mode 100644 reports/multicloud_qa/2026-08-26_security_audit/production_required.log
 create mode 100644 reports/multicloud_qa/2026-08-26_security_audit/qa.log
 create mode 100644 reports/multicloud_qa/2026-08-26_security_audit/status.txt
 create mode 100644 reports/multicloud_qa/2026-08-26_universal_appium_gate/console.log
 create mode 100644 reports/multicloud_qa/2026-08-26_universal_appium_gate/status.txt
 create mode 100644 reports/multicloud_qa/aws/status.txt
 create mode 100644 reports/multicloud_qa/firebase/status.txt
 create mode 100644 reports/network_runtime/20260826T154806Z/status.txt
 create mode 100644 reports/profile_contract_regression.log
 create mode 100644 reports/profile_crud_regression.log
 create mode 100644 reports/research/android_vpn_runtime_findings_ar.md
 create mode 100644 reports/runtime/github_repo_access_findings_ar.md
 create mode 100644 reports/ui_audit/20260826_v5/COMPLETE_UI_INVENTORY_AR.md
 create mode 100644 reports/ui_audit/20260826_v5/ci_after_fixes_console.log
 create mode 100644 reports/ui_audit/20260826_v5/ci_after_fixes_status.txt
 create mode 100644 reports/ui_audit/20260826_v5/final_ci/console.log
 create mode 100644 reports/ui_audit/20260826_v5/final_ci/status_from_runner.txt
 create mode 100644 reports/ui_audit/20260826_v5/final_ci/status_wrapper.txt
 create mode 100644 reports/ui_audit/20260826_v5/raw_inventory.txt
 create mode 100644 reports/ui_audit/20260826_v5/regression_1/assembleAndroidTest.log
 create mode 100644 reports/ui_audit/20260826_v5/regression_1/assembleDebug.log
 create mode 100644 reports/ui_audit/20260826_v5/regression_1/assembleRelease.log
 create mode 100644 reports/ui_audit/20260826_v5/regression_1/lintDebug.log
 create mode 100644 reports/ui_audit/20260826_v5/regression_1/lintRelease.log
 create mode 100644 reports/ui_audit/20260826_v5/regression_1/status.txt
 create mode 100644 reports/ui_audit/20260826_v5/regression_1/testDebugUnitTest.log
 create mode 100644 reports/ui_audit/20260827_v12/final_artifact/aapt_badging.txt
 create mode 100644 reports/ui_audit/20260827_v12/final_artifact/adb_devices.txt
 create mode 100644 reports/ui_audit/20260827_v12/final_artifact/apk_inventory/identity.txt
 create mode 100644 reports/ui_audit/20260827_v12/final_artifact/apk_inventory/marker_and_url_entries.txt
 create mode 100644 reports/ui_audit/20260827_v12/final_artifact/apk_inventory/native_entries.txt
 create mode 100644 reports/ui_audit/20260827_v12/final_artifact/apk_inventory/zip_entries.txt
 create mode 100644 reports/ui_audit/20260827_v12/final_artifact/apk_inventory_runner.log
 create mode 100644 reports/ui_audit/20260827_v12/final_artifact/apksigner_certs.txt
 create mode 100644 reports/ui_audit/20260827_v12/final_artifact/apksigner_verify.txt
 create mode 100644 reports/ui_audit/20260827_v12/final_artifact/hashes.txt
 create mode 100644 reports/ui_audit/20260827_v12/final_artifact/identity.txt
 create mode 100644 reports/ui_audit/20260827_v12/final_artifact/mobsfscan/console.log
 create mode 100644 reports/ui_audit/20260827_v12/final_artifact/mobsfscan/manifest.txt
 create mode 100644 reports/ui_audit/20260827_v12/final_artifact/mobsfscan/mobsfscan_source.json
 create mode 100644 reports/ui_audit/20260827_v12/final_artifact/mobsfscan/status.txt
 create mode 100644 reports/ui_audit/20260827_v12/final_artifact/mobsfscan_runner.log
 create mode 100644 reports/ui_audit/20260827_v12/final_artifact/security_audit_production_required.log
 create mode 100644 reports/ui_audit/20260827_v12/final_artifact/security_audit_qa.log
 create mode 100644 reports/ui_audit/20260827_v12/final_artifact/zip_test_status.txt
 create mode 100644 reports/ui_audit/20260827_v17/final_artifact/aapt_badging.txt
 create mode 100644 reports/ui_audit/20260827_v17/final_artifact/adb_devices.txt
 create mode 100644 reports/ui_audit/20260827_v17/final_artifact/apk_inventory/identity.txt
 create mode 100644 reports/ui_audit/20260827_v17/final_artifact/apk_inventory/marker_and_url_entries.txt
 create mode 100644 reports/ui_audit/20260827_v17/final_artifact/apk_inventory/native_entries.txt
 create mode 100644 reports/ui_audit/20260827_v17/final_artifact/apk_inventory/zip_entries.txt
 create mode 100644 reports/ui_audit/20260827_v17/final_artifact/apk_inventory_runner.log
 create mode 100644 reports/ui_audit/20260827_v17/final_artifact/apksigner_certs.txt
 create mode 100644 reports/ui_audit/20260827_v17/final_artifact/apksigner_verify.txt
 create mode 100644 reports/ui_audit/20260827_v17/final_artifact/final_package_status.txt
 create mode 100644 reports/ui_audit/20260827_v17/final_artifact/hashes.txt
 create mode 100644 reports/ui_audit/20260827_v17/final_artifact/identity.txt
 create mode 100644 reports/ui_audit/20260827_v17/final_artifact/mobsfscan/console.log
 create mode 100644 reports/ui_audit/20260827_v17/final_artifact/mobsfscan/manifest.txt
 create mode 100644 reports/ui_audit/20260827_v17/final_artifact/mobsfscan/mobsfscan_source.json
 create mode 100644 reports/ui_audit/20260827_v17/final_artifact/mobsfscan/status.txt
 create mode 100644 reports/ui_audit/20260827_v17/final_artifact/mobsfscan_runner.log
 create mode 100644 reports/ui_audit/20260827_v17/final_artifact/security_audit_production_required.log
 create mode 100644 reports/ui_audit/20260827_v17/final_artifact/security_audit_qa.log
 create mode 100644 reports/ui_audit/20260827_v17/final_artifact/zip_test_status.txt
 create mode 100644 reports/ui_audit/20260827_v5/ci_ui_contract/agent_contracts.log
 create mode 100644 reports/ui_audit/20260827_v5/ci_ui_contract/assemble_android_test.log
 create mode 100644 reports/ui_audit/20260827_v5/ci_ui_contract/assemble_debug.log
 create mode 100644 reports/ui_audit/20260827_v5/ci_ui_contract/assemble_release.log
 create mode 100644 reports/ui_audit/20260827_v5/ci_ui_contract/clean.log
 create mode 100644 reports/ui_audit/20260827_v5/ci_ui_contract/console.log
 create mode 100644 reports/ui_audit/20260827_v5/ci_ui_contract/cost_guard_contracts.log
 create mode 100644 reports/ui_audit/20260827_v5/ci_ui_contract/icon_pixels.log
 create mode 100644 reports/ui_audit/20260827_v5/ci_ui_contract/lint_debug.log
 create mode 100644 reports/ui_audit/20260827_v5/ci_ui_contract/lint_release.log
 create mode 100644 reports/ui_audit/20260827_v5/ci_ui_contract/orchestrator/cross_provider_results.csv
 create mode 100644 reports/ui_audit/20260827_v5/ci_ui_contract/orchestrator/device_matrix.csv
 create mode 100644 reports/ui_audit/20260827_v5/ci_ui_contract/orchestrator/planned_device_matrix.csv
 create mode 100644 reports/ui_audit/20260827_v5/ci_ui_contract/orchestrator/run_manifest.json
 create mode 100644 reports/ui_audit/20260827_v5/ci_ui_contract/orchestrator_preflight.log
 create mode 100644 reports/ui_audit/20260827_v5/ci_ui_contract/python_compile.log
 create mode 100644 reports/ui_audit/20260827_v5/ci_ui_contract/security_audit.log
 create mode 100644 reports/ui_audit/20260827_v5/ci_ui_contract/status.txt
 create mode 100644 reports/ui_audit/20260827_v5/ci_ui_contract/task_orchestrator_contracts.log
 create mode 100644 reports/ui_audit/20260827_v5/ci_ui_contract/ui_security_contracts.log
 create mode 100644 reports/ui_audit/20260827_v5/ci_ui_contract/unit_test.log
 create mode 100644 reports/ui_audit/20260827_v5/ci_ui_contract/wrapper_status.txt
 create mode 100644 reports/ui_audit/20260827_v5/clear_data_regression.log
 create mode 100644 reports/ui_audit/20260827_v5/clear_data_regression_after_fix.log
 create mode 100644 reports/ui_audit/20260827_v5/final_artifact/after_hashes.txt
 create mode 100644 reports/ui_audit/20260827_v5/final_artifact/before_hashes.txt
 create mode 100644 reports/ui_audit/20260827_v5/final_artifact/icon_pixel.log
 create mode 100644 reports/ui_audit/20260827_v5/final_artifact/mobsf/console.log
 create mode 100644 reports/ui_audit/20260827_v5/final_artifact/mobsf/manifest.txt
 create mode 100644 reports/ui_audit/20260827_v5/final_artifact/mobsf/mobsfscan_source.json
 create mode 100644 reports/ui_audit/20260827_v5/final_artifact/mobsf/status.txt
 create mode 100644 reports/ui_audit/20260827_v5/final_artifact/security_audit_production_required.log
 create mode 100644 reports/ui_audit/20260827_v5/final_artifact/security_audit_qa.log
 create mode 100644 reports/ui_audit/20260827_v5/final_artifact/status.txt
 create mode 100644 reports/ui_audit/20260827_v5/final_artifact_current/aapt_badging.txt
 create mode 100644 reports/ui_audit/20260827_v5/final_artifact_current/adb_devices.txt
 create mode 100644 reports/ui_audit/20260827_v5/final_artifact_current/apk_contents.txt
 create mode 100644 reports/ui_audit/20260827_v5/final_artifact_current/apk_inventory/identity.txt
 create mode 100644 reports/ui_audit/20260827_v5/final_artifact_current/apk_inventory/marker_and_url_entries.txt
 create mode 100644 reports/ui_audit/20260827_v5/final_artifact_current/apk_inventory/native_entries.txt
 create mode 100644 reports/ui_audit/20260827_v5/final_artifact_current/apk_inventory/zip_entries.txt
 create mode 100644 reports/ui_audit/20260827_v5/final_artifact_current/apksigner_certs.txt
 create mode 100644 reports/ui_audit/20260827_v5/final_artifact_current/apksigner_verify.txt
 create mode 100644 reports/ui_audit/20260827_v5/final_artifact_current/hashes.txt
 create mode 100644 reports/ui_audit/20260827_v5/final_artifact_current/identity.txt
 create mode 100644 reports/ui_audit/20260827_v5/final_artifact_current/mobsfscan/console.log
 create mode 100644 reports/ui_audit/20260827_v5/final_artifact_current/mobsfscan/manifest.txt
 create mode 100644 reports/ui_audit/20260827_v5/final_artifact_current/mobsfscan/mobsfscan_source.json
 create mode 100644 reports/ui_audit/20260827_v5/final_artifact_current/mobsfscan/status.txt
 create mode 100644 reports/ui_audit/20260827_v5/final_artifact_current/mobsfscan_runner.log
 create mode 100644 reports/ui_audit/20260827_v5/final_artifact_current/security_audit_production_required.log
 create mode 100644 reports/ui_audit/20260827_v5/final_artifact_current/security_audit_qa.log
 create mode 100644 reports/ui_audit/20260827_v5/final_artifact_current/strings_endpoints.txt
 create mode 100644 reports/ui_audit/20260827_v5/final_artifact_current/zip_checksum_verify.log
 create mode 100644 reports/ui_audit/20260827_v5/final_artifact_current/zip_test.log
 create mode 100644 reports/ui_audit/20260827_v5/final_artifact_current/zip_test_status.txt
 create mode 100644 reports/ui_audit/20260827_v5/webview_regression.log
 create mode 100644 reports/ui_audit/20260827_v5/webview_regression_after_fix.log
 create mode 100644 reports/ui_audit/20260827_v5_artifact/after_hashes.txt
 create mode 100644 reports/ui_audit/20260827_v5_artifact/before_hashes.txt
 create mode 100644 reports/ui_audit/20260827_v5_artifact/icon_pixel.log
 create mode 100644 reports/ui_audit/20260827_v5_artifact/mobsf/console.log
 create mode 100644 reports/ui_audit/20260827_v5_artifact/mobsf/manifest.txt
 create mode 100644 reports/ui_audit/20260827_v5_artifact/mobsf/mobsfscan_source.json
 create mode 100644 reports/ui_audit/20260827_v5_artifact/mobsf/status.txt
 create mode 100644 reports/ui_audit/20260827_v5_artifact/security_audit_production_required.log
 create mode 100644 reports/ui_audit/20260827_v5_artifact/security_audit_qa.log
 create mode 100644 reports/ui_audit/20260827_v5_artifact/status.txt
 create mode 100644 reports/ui_audit/20260827_v6/final_artifact/aapt_badging.txt
 create mode 100644 reports/ui_audit/20260827_v6/final_artifact/adb_devices.txt
 create mode 100644 reports/ui_audit/20260827_v6/final_artifact/apk_inventory/identity.txt
 create mode 100644 reports/ui_audit/20260827_v6/final_artifact/apk_inventory/marker_and_url_entries.txt
 create mode 100644 reports/ui_audit/20260827_v6/final_artifact/apk_inventory/native_entries.txt
 create mode 100644 reports/ui_audit/20260827_v6/final_artifact/apk_inventory/zip_entries.txt
 create mode 100644 reports/ui_audit/20260827_v6/final_artifact/apk_inventory_runner.log
 create mode 100644 reports/ui_audit/20260827_v6/final_artifact/apksigner_certs.txt
 create mode 100644 reports/ui_audit/20260827_v6/final_artifact/apksigner_verify.txt
 create mode 100644 reports/ui_audit/20260827_v6/final_artifact/hashes.txt
 create mode 100644 reports/ui_audit/20260827_v6/final_artifact/identity.txt
 create mode 100644 reports/ui_audit/20260827_v6/final_artifact/mobsfscan/console.log
 create mode 100644 reports/ui_audit/20260827_v6/final_artifact/mobsfscan/manifest.txt
 create mode 100644 reports/ui_audit/20260827_v6/final_artifact/mobsfscan/mobsfscan_source.json
 create mode 100644 reports/ui_audit/20260827_v6/final_artifact/mobsfscan/status.txt
 create mode 100644 reports/ui_audit/20260827_v6/final_artifact/mobsfscan_runner.log
 create mode 100644 reports/ui_audit/20260827_v6/final_artifact/security_audit_production_required.log
 create mode 100644 reports/ui_audit/20260827_v6/final_artifact/security_audit_qa.log
 create mode 100644 reports/ui_audit/20260827_v6/final_artifact/zip_test_status.txt
 create mode 100644 reports/ui_audit/20260827_v9/final_artifact/aapt_badging.txt
 create mode 100644 reports/ui_audit/20260827_v9/final_artifact/adb_devices.txt
 create mode 100644 reports/ui_audit/20260827_v9/final_artifact/apk_inventory/identity.txt
 create mode 100644 reports/ui_audit/20260827_v9/final_artifact/apk_inventory/marker_and_url_entries.txt
 create mode 100644 reports/ui_audit/20260827_v9/final_artifact/apk_inventory/native_entries.txt
 create mode 100644 reports/ui_audit/20260827_v9/final_artifact/apk_inventory/zip_entries.txt
 create mode 100644 reports/ui_audit/20260827_v9/final_artifact/apk_inventory_runner.log
 create mode 100644 reports/ui_audit/20260827_v9/final_artifact/apksigner_certs.txt
 create mode 100644 reports/ui_audit/20260827_v9/final_artifact/apksigner_verify.txt
 create mode 100644 reports/ui_audit/20260827_v9/final_artifact/hashes.txt
 create mode 100644 reports/ui_audit/20260827_v9/final_artifact/identity.txt
 create mode 100644 reports/ui_audit/20260827_v9/final_artifact/mobsfscan/console.log
 create mode 100644 reports/ui_audit/20260827_v9/final_artifact/mobsfscan/manifest.txt
 create mode 100644 reports/ui_audit/20260827_v9/final_artifact/mobsfscan/mobsfscan_source.json
 create mode 100644 reports/ui_audit/20260827_v9/final_artifact/mobsfscan/status.txt
 create mode 100644 reports/ui_audit/20260827_v9/final_artifact/mobsfscan_runner.log
 create mode 100644 reports/ui_audit/20260827_v9/final_artifact/security_audit_production_required.log
 create mode 100644 reports/ui_audit/20260827_v9/final_artifact/security_audit_qa.log
 create mode 100644 reports/ui_audit/20260827_v9/final_artifact/zip_test_status.txt
 create mode 100644 settings.gradle.kts
 create mode 100644 tools/__pycache__/apk_static_inventory.cpython-312.pyc
 create mode 100644 tools/__pycache__/compare_icon_pixels.cpython-312.pyc
 create mode 100644 tools/__pycache__/cost_guard.cpython-312.pyc
 create mode 100644 tools/__pycache__/merge_qa_results.cpython-312.pyc
 create mode 100644 tools/__pycache__/multicloud_qa.cpython-312.pyc
 create mode 100644 tools/__pycache__/run_agent_discovery.cpython-312.pyc
 create mode 100644 tools/__pycache__/test_agent_contracts.cpython-312.pyc
 create mode 100644 tools/__pycache__/test_cost_guard.cpython-312.pyc
 create mode 100644 tools/__pycache__/test_github_actions_workflow.cpython-312.pyc
 create mode 100644 tools/__pycache__/test_task_orchestrator.cpython-312.pyc
 create mode 100644 tools/__pycache__/test_ui_security_contracts.cpython-312.pyc
 create mode 100644 tools/__pycache__/test_vpn_protect_contract.cpython-312.pyc
 create mode 100644 tools/__pycache__/verify_cost_approval.cpython-312.pyc
 create mode 100644 tools/apk_static_inventory.py
 create mode 100644 tools/build_attached_line_checklist.py
 create mode 100755 tools/collect_crash_anr_evidence.sh
 create mode 100755 tools/collect_device_smoke.sh
 create mode 100755 tools/collect_network_runtime_evidence.sh
 create mode 100644 tools/compare_icon_pixels.py
 create mode 100644 tools/cost_guard.py
 create mode 100755 tools/darkmed_security_audit.sh
 create mode 100755 tools/merge_qa_results.py
 create mode 100755 tools/multicloud_qa.py
 create mode 100644 tools/run_agent_discovery.py
 create mode 100755 tools/run_aws_device_farm.sh
 create mode 100755 tools/run_browserstack_real_device.sh
 create mode 100755 tools/run_darkmed_ci.sh
 create mode 100755 tools/run_firebase_test_lab.sh
 create mode 100755 tools/run_kobiton_real_device.sh
 create mode 100755 tools/run_mobsf_static.sh
 create mode 100755 tools/run_perfecto_real_device.sh
 create mode 100755 tools/run_sauce_labs_real_device.sh
 create mode 100755 tools/run_universal_appium_suite.sh
 create mode 100644 tools/test_agent_contracts.py
 create mode 100644 tools/test_cost_guard.py
 create mode 100644 tools/test_github_actions_workflow.py
 create mode 100644 tools/test_task_orchestrator.py
 create mode 100644 tools/test_ui_security_contracts.py
 create mode 100644 tools/test_vpn_protect_contract.py
 create mode 100644 tools/verify_cost_approval.py
